Unnamed: 0.1,Unnamed: 0,Text,Sentiment,Timestamp,User,Platform,Hashtags,Retweets,Likes,Country,Year,Month,Day,Hour,Tokens,Stemmed_Text,Polarity,Predicted_Sentiment
0,0, Enjoying a beautiful day at the park!              , Positive  ,2023-01-15 12:30:00, User123      , Twitter  , #Nature #Park                            ,15.0,30.0, USA      ,2023,1,15,12,"['enjoying', 'beautiful', 'day', 'park']","['enjoy', 'beauti', 'day', 'park']",0.75,Positive
1,1, Traffic was terrible this morning.                 , Negative  ,2023-01-15 08:45:00, CommuterX    , Twitter  , #Traffic #Morning                        ,5.0,10.0, Canada   ,2023,1,15,8,"['traffic', 'terrible', 'morning']","['traffic', 'terribl', 'morn']",-1.0,Negative
2,2, Just finished an amazing workout! 💪               , Positive  ,2023-01-15 15:45:00, FitnessFan   , Instagram , #Fitness #Workout                        ,20.0,40.0, USA        ,2023,1,15,15,"['finished', 'amazing', 'workout']","['finish', 'amaz', 'workout']",0.7500000000000001,Positive
3,3, Excited about the upcoming weekend getaway!        , Positive  ,2023-01-15 18:20:00, AdventureX   , Facebook , #Travel #Adventure                       ,8.0,15.0, UK       ,2023,1,15,18,"['excited', 'upcoming', 'weekend', 'getaway']","['excit', 'upcom', 'weekend', 'getaway']",0.46875,Positive
4,4, Trying out a new recipe for dinner tonight.        , Neutral   ,2023-01-15 19:55:00, ChefCook     , Instagram , #Cooking #Food                           ,12.0,25.0, Australia ,2023,1,15,19,"['trying', 'new', 'recipe', 'dinner', 'tonight']","['tri', 'new', 'recip', 'dinner', 'tonight']",0.13636363636363635,Positive
5,5, Feeling grateful for the little things in life.    , Positive  ,2023-01-16 09:10:00, GratitudeNow , Twitter  , #Gratitude #PositiveVibes              ,25.0,50.0, India    ,2023,1,16,9,"['feeling', 'grateful', 'little', 'things', 'life']","['feel', 'grate', 'littl', 'thing', 'life']",-0.1875,Negative
6,6, Rainy days call for cozy blankets and hot cocoa.   , Positive  ,2023-01-16 14:45:00, RainyDays    , Facebook , #RainyDays #Cozy                         ,10.0,20.0, Canada   ,2023,1,16,14,"['rainy', 'days', 'call', 'cozy', 'blankets', 'hot', 'cocoa']","['raini', 'day', 'call', 'cozi', 'blanket', 'hot', 'cocoa']",0.02500000000000001,Neutral
7,7, The new movie release is a must-watch!             , Positive  ,2023-01-16 19:30:00, MovieBuff    , Instagram , #MovieNight #MustWatch                  ,15.0,30.0, USA    ,2023,1,16,19,"['new', 'movie', 'release', 'must', 'watch']","['new', 'movi', 'releas', 'must', 'watch']",0.17045454545454544,Positive
8,8, Political discussions heating up on the timeline.  , Negative  ,2023-01-17 08:00:00, DebateTalk   , Twitter  , #Politics #Debate                       ,30.0,60.0, USA      ,2023,1,17,8,"['political', 'discussions', 'heating', 'timeline']","['polit', 'discuss', 'heat', 'timelin']",0.0,Neutral
9,9, Missing summer vibes and beach days.               , Neutral   ,2023-01-17 12:20:00, BeachLover   , Facebook , #Summer #BeachDays                      ,18.0,35.0, Australia ,2023,1,17,12,"['missing', 'summer', 'vibes', 'beach', 'days']","['miss', 'summer', 'vibe', 'beach', 'day']",-0.2,Negative
10,10, Just published a new blog post. Check it out!      , Positive  ,2023-01-17 15:15:00, BloggerX     , Instagram , #Blogging #NewPost                      ,22.0,45.0,USA,2023,1,17,15,"['published', 'new', 'blog', 'post', 'check']","['publish', 'new', 'blog', 'post', 'check']",0.17045454545454544,Positive
11,11, Feeling a bit under the weather today.             , Negative  ,2023-01-18 10:30:00, WellnessCheck, Twitter  , #SickDay #Health                        ,7.0,15.0, Canada   ,2023,1,18,10,"['feeling', 'bit', 'weather', 'today']","['feel', 'bit', 'weather', 'today']",0.0,Neutral
12,12, Exploring the city's hidden gems.                  , Positive  ,2023-01-18 14:50:00, UrbanExplorer, Facebook , #CityExplore #HiddenGems                ,12.0,25.0, UK       ,2023,1,18,14,"['exploring', 'city', 'hidden', 'gems']","['explor', 'citi', 'hidden', 'gem']",-0.16666666666666666,Negative
13,13," New year, new fitness goals! 💪                    ", Positive  ,2023-01-18 18:00:00, FitJourney   , Instagram , #NewYear #FitnessGoals                  ,28.0,55.0, USA        ,2023,1,18,18,"['new', 'year', 'new', 'fitness', 'goals']","['new', 'year', 'new', 'fit', 'goal']",0.15340909090909088,Positive
14,14, Technology is changing the way we live.            , Neutral   ,2023-01-19 09:45:00, TechEnthusiast, Twitter  , #Tech #Innovation                       ,15.0,30.0, India    ,2023,1,19,9,"['technology', 'changing', 'way', 'live']","['technolog', 'chang', 'way', 'live']",0.13636363636363635,Positive
15,15, Reflecting on the past and looking ahead.          , Positive  ,2023-01-19 13:20:00, Reflections  , Facebook , #Reflection #Future                     ,20.0,40.0, USA      ,2023,1,19,13,"['reflecting', 'past', 'looking', 'ahead']","['reflect', 'past', 'look', 'ahead']",-0.25,Negative
16,16, Just adopted a cute furry friend! 🐾              , Positive  ,2023-01-19 17:10:00, PetAdopter   , Instagram , #PetAdoption #FurryFriend               ,15.0,30.0, Canada    ,2023,1,19,17,"['adopted', 'cute', 'furry', 'friend']","['adopt', 'cute', 'furri', 'friend']",0.625,Positive
17,17, Late-night gaming session with friends.            , Positive  ,2023-01-20 00:05:00, GamerX       , Twitter  , #Gaming #LateNight                      ,18.0,35.0, UK       ,2023,1,20,0,"['late', 'night', 'gaming', 'session', 'friends']","['late', 'night', 'game', 'session', 'friend']",0.0,Neutral
18,18, Attending a virtual conference on AI.              , Neutral   ,2023-01-20 11:30:00, TechConference, Facebook , #AI #TechConference                     ,25.0,50.0,USA,2023,1,20,11,"['attending', 'virtual', 'conference', 'ai']","['attend', 'virtual', 'confer', 'ai']",0.0,Neutral
19,19, Winter blues got me feeling low.                   , Negative  ,2023-01-20 15:15:00, WinterBlues  , Instagram , #WinterBlues #Mood                      ,8.0,15.0, USA       ,2023,1,20,15,"['winter', 'blues', 'got', 'feeling', 'low']","['winter', 'blue', 'got', 'feel', 'low']",0.0,Neutral
20,20, Sipping coffee and enjoying a good book.           , Positive  ,2023-01-21 08:40:00, Bookworm     , Twitter  , #Reading #CoffeeTime                    ,22.0,45.0, India    ,2023,1,21,8,"['sipping', 'coffee', 'enjoying', 'good', 'book']","['sip', 'coffe', 'enjoy', 'good', 'book']",0.6,Positive
21,21, Exploring the world of virtual reality.            , Positive  ,2023-01-21 13:20:00, VRExplorer   , Facebook , #VR #VirtualReality                     ,15.0,30.0,USA,2023,1,21,13,"['exploring', 'world', 'virtual', 'reality']","['explor', 'world', 'virtual', 'realiti']",0.0,Neutral
22,22, Productive day ticking off my to-do list.          , Positive  ,2023-01-21 16:45:00, ProductivityPro, Instagram , #Productivity #WorkFromHome           ,30.0,60.0, USA ,2023,1,21,16,"['productive', 'day', 'ticking', 'list']","['product', 'day', 'tick', 'list']",0.0,Neutral
23,23, Just finished a challenging workout routine.       , Positive  ,2023-01-22 09:15:00, FitnessWarrior, Twitter  , #Fitness #ChallengeAccepted             ,20.0,40.0, UK       ,2023,1,22,9,"['finished', 'challenging', 'workout', 'routine']","['finish', 'challeng', 'workout', 'routin']",0.5,Positive
24,24, Celebrating a milestone at work! 🎉               , Positive  ,2023-01-22 14:30:00, CareerMilestone, Facebook , #Career #Milestone                      ,12.0,25.0, Canada  ,2023,1,22,14,"['celebrating', 'milestone', 'work']","['celebr', 'mileston', 'work']",0.0,Neutral
25,25, Sunday brunch with friends.                        , Positive  ,2023-01-22 12:00:00, BrunchBuddy  , Instagram , #Brunch #Friends                       ,15.0,30.0, UK ,2023,1,22,12,"['sunday', 'brunch', 'friends']","['sunday', 'brunch', 'friend']",0.0,Neutral
27,28, Learning a new language for personal growth.       , Positive  ,2023-01-23 16:20:00, LanguageLearner, Facebook , #LanguageLearning #PersonalGrowth       ,25.0,50.0, India     ,2023,1,23,16,"['learning', 'new', 'language', 'personal', 'growth']","['learn', 'new', 'languag', 'person', 'growth']",0.06818181818181818,Neutral
28,29, Quiet evening with a good book.                    , Positive  ,2023-01-23 19:45:00, BookLover    , Instagram , #Reading #QuietTime                     ,15.0,30.0, Australia ,2023,1,23,19,"['quiet', 'evening', 'good', 'book']","['quiet', 'even', 'good', 'book']",0.35,Positive
29,30, Reflecting on the importance of mental health.     , Positive  ,2023-01-24 11:30:00, MentalHealthMatters, Twitter  , #MentalHealth #SelfCare                 ,22.0,45.0, USA      ,2023,1,24,11,"['reflecting', 'importance', 'mental', 'health']","['reflect', 'import', 'mental', 'health']",-0.1,Neutral
30,31, New painting in progress! 🎨                       , Positive  ,2023-01-24 15:00:00, ArtistInAction, Facebook , #Art #PaintingInProgress             ,12.0,25.0, Canada ,2023,1,24,15,"['new', 'painting', 'progress']","['new', 'paint', 'progress']",0.17045454545454544,Positive
31,32, Weekend road trip to explore scenic views.         , Positive  ,2023-01-24 17:30:00, RoadTripper  , Instagram , #RoadTrip #ScenicViews                  ,18.0,35.0, UK        ,2023,1,24,17,"['weekend', 'road', 'trip', 'explore', 'scenic', 'views']","['weekend', 'road', 'trip', 'explor', 'scenic', 'view']",0.0,Neutral
32,33, Enjoying a cup of tea and watching the sunset.     , Positive  ,2023-01-25 18:00:00, SunsetWatcher, Twitter  , #TeaTime #Sunset                       ,15.0,30.0, India    ,2023,1,25,18,"['enjoying', 'cup', 'tea', 'watching', 'sunset']","['enjoy', 'cup', 'tea', 'watch', 'sunset']",0.5,Positive
33,34, Coding a new project with enthusiasm.              , Positive  ,2023-01-25 13:15:00, CodeEnthusiast, Facebook , #Coding #Enthusiasm                   ,30.0,60.0, USA ,2023,1,25,13,"['coding', 'new', 'project', 'enthusiasm']","['code', 'new', 'project', 'enthusiasm']",0.13636363636363635,Positive
34,35, Feeling inspired after attending a workshop.       , Positive  ,2023-01-26 09:45:00, WorkshopAttendee, Instagram , #Inspiration #Workshop                  ,25.0,50.0,USA,2023,1,26,9,"['feeling', 'inspired', 'attending', 'workshop']","['feel', 'inspir', 'attend', 'workshop']",0.0,Neutral
35,36, Winter sports day at the local park.               , Positive  ,2023-01-26 14:20:00, WinterSports  , Twitter  , #WinterSports #Fun                     ,15.0,30.0, Canada   ,2023,1,26,14,"['winter', 'sports', 'day', 'local', 'park']","['winter', 'sport', 'day', 'local', 'park']",0.0,Neutral
36,37, Quality time with family this weekend.             , Positive  ,2023-01-26 17:40:00, FamilyTime   , Facebook , #FamilyTime #Weekend                    ,22.0,45.0, UK        ,2023,1,26,17,"['quality', 'time', 'family', 'weekend']","['qualiti', 'time', 'famili', 'weekend']",0.0,Neutral
37,38, Attending a live music concert tonight.            , Positive  ,2023-01-27 20:00:00, MusicLover   , Instagram , #Music #ConcertNight                  ,18.0,35.0, USA ,2023,1,27,20,"['attending', 'live', 'music', 'concert', 'tonight']","['attend', 'live', 'music', 'concert', 'tonight']",0.13636363636363635,Positive
38,39, Practicing mindfulness with meditation.            , Positive  ,2023-01-27 12:30:00, MindfulMoments, Twitter  , #Mindfulness #Meditation               ,15.0,30.0, India    ,2023,1,27,12,"['practicing', 'mindfulness', 'meditation']","['practic', 'mind', 'medit']",0.0,Neutral
39,40, Trying out a new dessert recipe.                   , Positive  ,2023-01-27 16:10:00, DessertExplorer, Facebook , #Dessert #Cooking                      ,12.0,25.0, Canada ,2023,1,27,16,"['trying', 'new', 'dessert', 'recipe']","['tri', 'new', 'dessert', 'recip']",0.13636363636363635,Positive
40,41, Excited about the upcoming gaming tournament.      , Positive  ,2023-01-28 09:00:00, GamingEnthusiast, Instagram , #Gaming #Tournament                     ,30.0,60.0,USA,2023,1,28,9,"['excited', 'upcoming', 'gaming', 'tournament']","['excit', 'upcom', 'game', 'tournament']",0.375,Positive
41,42, Planning a garden makeover for spring.             , Positive  ,2023-01-28 14:45:00, GardenPlanner , Twitter  , #Gardening #Spring                     ,25.0,50.0, USA      ,2023,1,28,14,"['planning', 'garden', 'makeover', 'spring']","['plan', 'garden', 'makeov', 'spring']",0.0,Neutral
42,43, Celebrating a friend's birthday tonight! 🎂       , Positive  ,2023-01-28 19:30:00, BirthdayBash , Facebook , #Birthday #Celebration                  ,15.0,30.0, UK ,2023,1,28,19,"['celebrating', 'friend', 'birthday', 'tonight']","['celebr', 'friend', 'birthday', 'tonight']",0.0,Neutral
43,44, Feeling accomplished after a productive day.       , Positive  ,2023-01-29 17:00:00, ProductivityWin, Instagram , #Accomplished #Success               ,22.0,45.0, India ,2023,1,29,17,"['feeling', 'accomplished', 'productive', 'day']","['feel', 'accomplish', 'product', 'day']",0.2,Positive
44,45, A cozy evening with a good movie.                 , Positive  ,2023-01-29 20:20:00, MovieNight   , Twitter  , #CozyNight #MovieTime                   ,18.0,35.0, Canada   ,2023,1,29,20,"['cozy', 'evening', 'good', 'movie']","['cozi', 'even', 'good', 'movi']",0.25,Positive
45,46, Exploring local art galleries this weekend.        , Positive  ,2023-01-30 11:30:00, ArtExplorer  , Facebook , #Art #GalleryExplore                    ,15.0,30.0, USA      ,2023,1,30,11,"['exploring', 'local', 'art', 'galleries', 'weekend']","['explor', 'local', 'art', 'galleri', 'weekend']",0.0,Neutral
46,47, New book release from my favorite author!          , Positive  ,2023-01-30 15:45:00, BookwormX    , Instagram , #BookRelease #FavoriteAuthor           ,12.0,25.0, UK   ,2023,1,30,15,"['new', 'book', 'release', 'favorite', 'author']","['new', 'book', 'releas', 'favorit', 'author']",0.3806818181818182,Positive
47,48, Attending a virtual reality meetup.                , Positive  ,2023-01-30 18:30:00, VRMeetup     , Twitter  , #VRMeetup #VirtualReality               ,28.0,55.0, India    ,2023,1,30,18,"['attending', 'virtual', 'reality', 'meetup']","['attend', 'virtual', 'realiti', 'meetup']",0.0,Neutral
48,49, Reflecting on the beauty of nature.                , Positive  ,2023-01-31 10:45:00, NatureLover  , Facebook , #Nature #Reflection                     ,15.0,30.0, Australia ,2023,1,31,10,"['reflecting', 'beauty', 'nature']","['reflect', 'beauti', 'natur']",0.0,Neutral
49,50, Cooking a special dinner for loved ones.           , Positive  ,2023-01-31 19:00:00, ChefAtHome   , Instagram , #Cooking #SpecialDinner                ,20.0,40.0, USA       ,2023,1,31,19,"['cooking', 'special', 'dinner', 'loved', 'ones']","['cook', 'special', 'dinner', 'love', 'one']",0.5285714285714286,Positive
50,51, Feeling optimistic about the week ahead.           , Positive  ,2023-01-31 16:20:00, OptimisticMindset, Twitter  , #Optimism #NewWeek                     ,15.0,30.0, Canada   ,2023,1,31,16,"['feeling', 'optimistic', 'week', 'ahead']","['feel', 'optimist', 'week', 'ahead']",0.0,Neutral
51,52, Starting a new fitness challenge tomorrow! 💪     , Positive  ,2023-02-01 08:00:00, FitnessChallenge, Facebook , #FitnessChallenge #NewBeginnings       ,22.0,45.0, UK         ,2023,2,1,8,"['starting', 'new', 'fitness', 'challenge', 'tomorrow']","['start', 'new', 'fit', 'challeng', 'tomorrow']",0.08522727272727272,Neutral
52,53, Sunday bike ride through scenic trails.           , Positive  ,2023-02-01 13:30:00, BikeExplorer  , Instagram , #BikeRide #ScenicTrails                ,18.0,35.0, USA     ,2023,2,1,13,"['sunday', 'bike', 'ride', 'scenic', 'trails']","['sunday', 'bike', 'ride', 'scenic', 'trail']",0.0,Neutral
53,55, Can't believe the injustice happening in our society., Anger        ,2023-02-11 09:30:00, SocialJustice   , Twitter  , #Injustice #Angry                            ,20.0,40.0, Canada     ,2023,2,11,9,"['believe', 'injustice', 'happening', 'society']","['believ', 'injustic', 'happen', 'societi']",0.0,Neutral
54,56, Feeling a sense of fear after watching a thriller movie. , Fear         ,2023-02-11 21:15:00, ThrillerFan     , Instagram , #Fear #ThrillerMovie                         ,15.0,30.0, USA          ,2023,2,11,21,"['feeling', 'sense', 'fear', 'watching', 'thriller', 'movie']","['feel', 'sens', 'fear', 'watch', 'thriller', 'movi']",0.0,Neutral
55,57, Heartbroken after hearing the news about a natural disaster. , Sadness      ,2023-02-12 14:45:00, EmpathyFirst    , Facebook , #Sadness #NaturalDisaster                    ,25.0,50.0, India      ,2023,2,12,14,"['heartbroken', 'hearing', 'news', 'natural', 'disaster']","['heartbroken', 'hear', 'news', 'natur', 'disast']",0.1,Neutral
56,58, The state of the world's environment is just disgusting. , Disgust      ,2023-02-12 18:20:00, EcoAwareness    , Twitter  , #Disgust #Environment                        ,18.0,35.0, UK         ,2023,2,12,18,"['state', 'world', 'environment', 'disgusting']","['state', 'world', 'environ', 'disgust']",-1.0,Negative
57,59, Pure happiness: celebrating a loved one's achievement! , Happiness    ,2023-02-13 10:00:00, ProudFriend     , Instagram , #Happiness #Celebration                   ,30.0,60.0, USA ,2023,2,13,10,"['pure', 'happiness', 'celebrating', 'loved', 'one', 'achievement']","['pure', 'happi', 'celebr', 'love', 'one', 'achiev']",0.5964285714285714,Positive
58,60, Laughter is the best medicine—enjoying a comedy show. , Joy          ,2023-02-13 19:30:00, ComedyFan       , Facebook , #Joy #ComedyShow                             ,22.0,45.0, Canada    ,2023,2,13,19,"['laughter', 'best', 'medicine', 'enjoying', 'comedy', 'show']","['laughter', 'best', 'medicin', 'enjoy', 'comedi', 'show']",1.0,Positive
59,61, Sharing love and positive vibes with everyone! ❤️      , Love         ,2023-02-14 08:30:00, LoveSpreader    , Twitter  , #Love #SpreadLove                            ,15.0,30.0, Australia  ,2023,2,14,8,"['sharing', 'love', 'positive', 'vibes', 'everyone']","['share', 'love', 'posit', 'vibe', 'everyon']",0.39204545454545453,Positive
60,62, An amusing incident brightened up my day!               , Amusement    ,2023-02-14 14:20:00, AmusedSoul      , Instagram , #Amusement #FunTimes                         ,18.0,35.0, UK           ,2023,2,14,14,"['amusing', 'incident', 'brightened', 'day']","['amus', 'incid', 'brighten', 'day']",0.75,Positive
61,63, Enjoying a quiet evening with a book and some tea.      , Enjoyment    ,2023-02-14 19:45:00, BookLoverAgain  , Facebook , #Enjoyment #BookTime                         ,25.0,50.0, Canada       ,2023,2,14,19,"['enjoying', 'quiet', 'evening', 'book', 'tea']","['enjoy', 'quiet', 'even', 'book', 'tea']",0.25,Positive
62,64, Admiring the beauty of nature during a peaceful hike.   , Admiration   ,2023-02-15 11:30:00, NatureAdmirer   , Twitter  , #Admiration #Nature                         ,20.0,40.0, USA       ,2023,2,15,11,"['admiring', 'beauty', 'nature', 'peaceful', 'hike']","['admir', 'beauti', 'natur', 'peac', 'hike']",0.25,Positive
63,65, Sending affectionate vibes to all my followers!          , Affection    ,2023-02-15 16:00:00, AffectionSender , Instagram , #Affection #PositiveVibes                   ,15.0,30.0,USA,2023,2,15,16,"['sending', 'affectionate', 'vibes', 'followers']","['send', 'affection', 'vibe', 'follow']",0.0,Neutral
64,66, Experiencing awe at the breathtaking sunset.            , Awe          ,2023-02-15 20:30:00, AweStruck       , Facebook , #Awe #Breathtaking                          ,22.0,45.0, Australia   ,2023,2,15,20,"['experiencing', 'awe', 'breathtaking', 'sunset']","['experienc', 'awe', 'breathtak', 'sunset']",1.0,Positive
65,67, Disappointed with the service at a local restaurant.    , Disappointed ,2023-02-16 09:00:00, FoodieGoneWrong , Twitter  , #Disappointed #BadService                   ,18.0,35.0, India      ,2023,2,16,9,"['disappointed', 'service', 'local', 'restaurant']","['disappoint', 'servic', 'local', 'restaur']",-0.375,Negative
66,68, A surprise gift from a friend made my day!              , Surprise     ,2023-02-16 14:45:00, HappySurprise   , Instagram , #Surprise #Gift                              ,25.0,50.0, USA          ,2023,2,16,14,"['surprise', 'gift', 'friend', 'made', 'day']","['surpris', 'gift', 'friend', 'made', 'day']",0.0,Neutral
67,69, Finding acceptance in the midst of life's challenges.   , Acceptance   ,2023-02-16 18:20:00, AcceptanceSeeker, Facebook , #Acceptance #Challenges                     ,15.0,30.0, Canada     ,2023,2,16,18,"['finding', 'acceptance', 'midst', 'life', 'challenges']","['find', 'accept', 'midst', 'life', 'challeng']",0.0,Neutral
68,70, Overflowing with adoration for my adorable pet! 🐾      , Adoration    ,2023-02-17 10:45:00, PetAdorer       , Twitter  , #Adoration #PetLove                         ,22.0,45.0, UK        ,2023,2,17,10,"['overflowing', 'adoration', 'adorable', 'pet']","['overflow', 'ador', 'ador', 'pet']",0.625,Positive
69,71, Anticipating a thrilling adventure in the coming weeks. , Anticipation ,2023-02-17 07:30:00, AdventureAwaits  , Instagram , #Anticipation #Adventure                    ,20.0,40.0,USA,2023,2,17,7,"['anticipating', 'thrilling', 'adventure', 'coming', 'weeks']","['anticip', 'thrill', 'adventur', 'come', 'week']",0.25,Positive
70,72, A bitter experience turned into a valuable lesson.      , Bitter       ,2023-02-17 15:00:00, LearnFromBitter , Facebook , #BitterLesson #Growth                      ,18.0,35.0, USA       ,2023,2,17,15,"['bitter', 'experience', 'turned', 'valuable', 'lesson']","['bitter', 'experi', 'turn', 'valuabl', 'lesson']",-0.1,Neutral
71,73, Finding calmness in the midst of a busy day.            , Calmness     ,2023-02-18 09:30:00, ZenMaster       , Twitter  , #Calmness #PeacefulMind                    ,15.0,30.0, India     ,2023,2,18,9,"['finding', 'calmness', 'midst', 'busy', 'day']","['find', 'calm', 'midst', 'busi', 'day']",0.1,Neutral
72,74, Confusion clouds my mind as I navigate through decisions., Confusion    ,2023-02-18 14:20:00, ConfusedMind    , Instagram , #Confusion #DecisionMaking                 ,25.0,50.0, UK   ,2023,2,18,14,"['confusion', 'clouds', 'mind', 'navigate', 'decisions']","['confus', 'cloud', 'mind', 'navig', 'decis']",0.0,Neutral
73,75, Excitement building up for the upcoming vacation!       , Excitement   ,2023-02-18 18:45:00, VacationDreamer , Facebook , #Excitement #TravelPlans                   ,22.0,45.0, Canada    ,2023,2,18,18,"['excitement', 'building', 'upcoming', 'vacation']","['excit', 'build', 'upcom', 'vacat']",0.0,Neutral
74,76, Kindness witnessed today restored my faith in humanity. , Kind         ,2023-02-19 11:30:00, KindnessPrevails, Twitter  , #Kindness #Humanity                        ,20.0,40.0, USA       ,2023,2,19,11,"['kindness', 'witnessed', 'today', 'restored', 'faith', 'humanity']","['kind', 'wit', 'today', 'restor', 'faith', 'human']",0.0,Neutral
75,77, Pride in achieving a personal milestone.               , Pride        ,2023-02-19 16:00:00, PersonalAchiever, Instagram , #Pride #Milestone                           ,30.0,60.0, Australia    ,2023,2,19,16,"['pride', 'achieving', 'personal', 'milestone']","['pride', 'achiev', 'person', 'mileston']",0.0,Neutral
76,78, A moment of shame for not standing up against injustice. , Shame        ,2023-02-19 19:45:00, ReflectiveSelf  , Facebook , #Shame #Injustice                           ,15.0,30.0, India      ,2023,2,19,19,"['moment', 'shame', 'standing', 'injustice']","['moment', 'shame', 'stand', 'injustic']",0.0,Neutral
77,79, Fuming with anger after a heated argument.            , Anger        ,2023-02-20 09:30:00, AngryDebater    , Twitter  , #Anger #Argument                             ,20.0,40.0, Canada     ,2023,2,20,9,"['fuming', 'anger', 'heated', 'argument']","['fume', 'anger', 'heat', 'argument']",-0.7,Negative
78,80, The fear of the unknown is keeping me up at night.    , Fear         ,2023-02-20 21:15:00, FearfulDreamer  , Instagram , #Fear #Unknown                               ,15.0,30.0, USA          ,2023,2,20,21,"['fear', 'unknown', 'keeping', 'night']","['fear', 'unknown', 'keep', 'night']",-0.1,Neutral
79,81, Heartfelt sadness after bidding farewell to a dear friend. , Sadness      ,2023-02-21 14:45:00, FarewellHeart   , Facebook , #Sadness #Farewell                          ,25.0,50.0, India      ,2023,2,21,14,"['heartfelt', 'sadness', 'bidding', 'farewell', 'dear', 'friend']","['heartfelt', 'sad', 'bid', 'farewel', 'dear', 'friend']",0.0,Neutral
80,82, The state of corruption in our society is utterly disgusting. , Disgust      ,2023-02-21 18:20:00, AntiCorruption  , Twitter  , #Disgust #Corruption                         ,18.0,35.0, UK         ,2023,2,21,18,"['state', 'corruption', 'society', 'utterly', 'disgusting']","['state', 'corrupt', 'societi', 'utterli', 'disgust']",-1.0,Negative
81,83, Overflowing happiness: welcoming a new family member!  , Happiness    ,2023-02-22 10:00:00, NewParentJoy    , Instagram , #Happiness #NewFamilyMember                 ,30.0,60.0, UK           ,2023,2,22,10,"['overflowing', 'happiness', 'welcoming', 'new', 'family', 'member']","['overflow', 'happi', 'welcom', 'new', 'famili', 'member']",0.4352272727272727,Positive
82,84, Laughter is the key to joy—attending a stand-up comedy show. , Joy          ,2023-02-22 19:30:00, StandUpFan      , Facebook , #Joy #StandUpComedy                         ,22.0,45.0, Canada    ,2023,2,22,19,"['laughter', 'key', 'joy', 'attending', 'stand', 'comedy', 'show']","['laughter', 'key', 'joy', 'attend', 'stand', 'comedi', 'show']",0.0,Neutral
83,85, Sending love to all my followers on this beautiful day! ❤️ , Love         ,2023-02-23 08:30:00, LoveSender      , Twitter  , #Love #SpreadLove                            ,15.0,30.0, Australia  ,2023,2,23,8,"['sending', 'love', 'followers', 'beautiful', 'day']","['send', 'love', 'follow', 'beauti', 'day']",0.75,Positive
84,86, Amused by the antics of my pet—it's pure amusement!      , Amusement    ,2023-02-23 14:20:00, PetAmuser       , Instagram , #Amusement #PetAntics                       ,18.0,35.0, UK           ,2023,2,23,14,"['amused', 'antics', 'pet', 'pure', 'amusement']","['amus', 'antic', 'pet', 'pure', 'amus']",0.26785714285714285,Positive
85,87, Enjoying every moment of this trip—pure enjoyment!      , Enjoyment    ,2023-02-23 19:45:00, TravelExplorer  , Facebook , #Enjoyment #Travel                           ,25.0,50.0, USA ,2023,2,23,19,"['enjoying', 'every', 'moment', 'trip', 'pure', 'enjoyment']","['enjoy', 'everi', 'moment', 'trip', 'pure', 'enjoy']",0.625,Positive
86,88, Admiring the dedication of volunteers at a local charity. , Admiration   ,2023-02-24 11:30:00, CharityAdmirer  , Twitter  , #Admiration #Volunteers                     ,20.0,40.0, USA        ,2023,2,24,11,"['admiring', 'dedication', 'volunteers', 'local', 'charity']","['admir', 'dedic', 'volunt', 'local', 'chariti']",0.0,Neutral
87,89, Sending affectionate vibes to friends and family.        , Affection    ,2023-02-24 16:00:00, FamilyLover     , Instagram , #Affection #FamilyLove                      ,15.0,30.0,USA,2023,2,24,16,"['sending', 'affectionate', 'vibes', 'friends', 'family']","['send', 'affection', 'vibe', 'friend', 'famili']",0.0,Neutral
88,90, Awe-struck by the beauty of the night sky.               , Awe          ,2023-02-24 20:30:00, Stargazer       , Facebook , #Awe #StarryNight                        ,22.0,45.0, Australia ,2023,2,24,20,"['awe', 'struck', 'beauty', 'night', 'sky']","['awe', 'struck', 'beauti', 'night', 'sky']",0.0,Neutral
89,91, Disappointed with the lack of progress in a personal project. , Disappointed ,2023-02-25 09:00:00, ProjectStruggle , Twitter  , #Disappointed #Project                     ,18.0,35.0, India      ,2023,2,25,9,"['disappointed', 'lack', 'progress', 'personal', 'project']","['disappoint', 'lack', 'progress', 'person', 'project']",-0.375,Negative
90,92, A surprise visit from an old friend brought tears of joy. , Surprise     ,2023-02-25 14:45:00, JoyfulReunion   , Instagram , #Surprise #OldFriends                       ,25.0,50.0, USA          ,2023,2,25,14,"['surprise', 'visit', 'old', 'friend', 'brought', 'tears', 'joy']","['surpris', 'visit', 'old', 'friend', 'brought', 'tear', 'joy']",0.45,Positive
91,93, Embracing acceptance of life's ups and downs.           , Acceptance   ,2023-02-25 18:20:00, LifeAcceptance  , Facebook , #Acceptance #LifeJourney                   ,15.0,30.0, Canada     ,2023,2,25,18,"['embracing', 'acceptance', 'life', 'ups', 'downs']","['embrac', 'accept', 'life', 'up', 'down']",0.0,Neutral
92,94, Overflowing adoration for a cute rescue puppy! 🐶       , Adoration    ,2023-02-26 10:45:00, PuppyAdmirer    , Twitter  , #Adoration #PuppyLove                       ,22.0,45.0, UK         ,2023,2,26,10,"['overflowing', 'adoration', 'cute', 'rescue', 'puppy']","['overflow', 'ador', 'cute', 'rescu', 'puppi']",0.625,Positive
93,95, Anticipating the release of a much-awaited movie.       , Anticipation ,2023-02-26 07:30:00, MovieBuff2      , Instagram , #Anticipation #MovieRelease                 ,20.0,40.0, Australia    ,2023,2,26,7,"['anticipating', 'release', 'much', 'awaited', 'movie']","['anticip', 'releas', 'much', 'await', 'movi']",0.0,Neutral
94,96, Bitter experience at the customer service department.   , Bitter       ,2023-02-26 15:00:00, CustomerWoes    , Facebook , #BitterExperience #CustomerService         ,18.0,35.0, USA       ,2023,2,26,15,"['bitter', 'experience', 'customer', 'service', 'department']","['bitter', 'experi', 'custom', 'servic', 'depart']",-0.1,Neutral
95,97, Finding calmness amidst the chaos of daily life.        , Calmness     ,2023-02-27 09:30:00, CalmSoul        , Twitter  , #Calmness #InnerPeace                      ,15.0,30.0, India     ,2023,2,27,9,"['finding', 'calmness', 'amidst', 'chaos', 'daily', 'life']","['find', 'calm', 'amidst', 'chao', 'daili', 'life']",0.0,Neutral
96,98, Confusion reigns as I try to make sense of recent events., Confusion    ,2023-02-27 14:20:00, ConfusedMind2   , Instagram , #Confusion #MakingSense                    ,25.0,50.0, UK   ,2023,2,27,14,"['confusion', 'reigns', 'try', 'make', 'sense', 'recent', 'events']","['confus', 'reign', 'tri', 'make', 'sens', 'recent', 'event']",0.0,Neutral
97,99, Excitement building up for a surprise birthday party.   , Excitement   ,2023-02-27 18:45:00, BirthdayExcite  , Facebook , #Excitement #SurpriseParty                 ,22.0,45.0, Canada ,2023,2,27,18,"['excitement', 'building', 'surprise', 'birthday', 'party']","['excit', 'build', 'surpris', 'birthday', 'parti']",0.0,Neutral
98,100, Witnessed an act of kindness that made my day.          , Kind         ,2023-02-28 11:30:00, KindnessObserver, Twitter  , #Kindness #ActsOfKindness                  ,20.0,40.0, USA       ,2023,2,28,11,"['witnessed', 'act', 'kindness', 'made', 'day']","['wit', 'act', 'kind', 'made', 'day']",0.0,Neutral
99,101, Pride in completing a challenging fitness challenge.    , Pride        ,2023-02-28 16:00:00, FitAchiever     , Instagram , #Pride #FitnessChallengeCompleted          ,30.0,60.0, UK            ,2023,2,28,16,"['pride', 'completing', 'challenging', 'fitness', 'challenge']","['pride', 'complet', 'challeng', 'fit', 'challeng']",0.5,Positive
100,102, A moment of shame for not speaking up against injustice., Shame        ,2023-02-28 19:45:00, ReflectiveSelf2 , Facebook , #Shame #Injustice                           ,15.0,30.0, India     ,2023,2,28,19,"['moment', 'shame', 'speaking', 'injustice']","['moment', 'shame', 'speak', 'injustic']",0.0,Neutral
101,103, Reflecting on the beauty of diversity in our world.     , Acceptance   ,2023-03-01 10:45:00, DiversityLover  , Twitter  , #Acceptance #Diversity                      ,22.0,45.0, Australia ,2023,3,1,10,"['reflecting', 'beauty', 'diversity', 'world']","['reflect', 'beauti', 'divers', 'world']",0.0,Neutral
102,104, Excitement for a quiet evening with a good book.        , Excitement   ,2023-03-01 13:30:00, BookwormJoy     , Instagram , #Excitement #BookTime                       ,18.0,35.0, USA          ,2023,3,1,13,"['excitement', 'quiet', 'evening', 'good', 'book']","['excit', 'quiet', 'even', 'good', 'book']",0.35,Positive
103,105, Feeling bitter about the unfairness in the workplace.   , Bitter       ,2023-03-01 17:45:00, WorkplaceWoes   , Twitter  , #Bitter #Unfairness                         ,15.0,30.0, Canada    ,2023,3,1,17,"['feeling', 'bitter', 'unfairness', 'workplace']","['feel', 'bitter', 'unfair', 'workplac']",-0.1,Neutral
104,106, Calmness prevails as I practice mindfulness.            , Calmness     ,2023-03-02 18:00:00, MindfulMe       , Facebook , #Calmness #Mindfulness                      ,15.0,30.0, UK        ,2023,3,2,18,"['calmness', 'prevails', 'practice', 'mindfulness']","['calm', 'prevail', 'practic', 'mind']",0.0,Neutral
105,107, Confusion surrounds me as I navigate through life's choices. , Confusion ,2023-03-02 13:15:00, ConfusedMind3   , Instagram , #Confusion #LifeChoices                     ,30.0,60.0, USA   ,2023,3,2,13,"['confusion', 'surrounds', 'navigate', 'life', 'choices']","['confus', 'surround', 'navig', 'life', 'choic']",0.0,Neutral
106,108, Excitement for a weekend road trip to explore new places. , Excitement ,2023-03-02 16:45:00, RoadTripper2    , Twitter  , #Excitement #WeekendAdventure               ,25.0,50.0, India     ,2023,3,2,16,"['excitement', 'weekend', 'road', 'trip', 'explore', 'new', 'places']","['excit', 'weekend', 'road', 'trip', 'explor', 'new', 'place']",0.13636363636363635,Positive
107,109, Kindness witnessed today restores my faith in humanity.  , Kind         ,2023-03-03 11:30:00, KindnessPrevails2, Facebook , #Kindness #HumanityRestored                 ,22.0,45.0, USA       ,2023,3,3,11,"['kindness', 'witnessed', 'today', 'restores', 'faith', 'humanity']","['kind', 'wit', 'today', 'restor', 'faith', 'human']",0.0,Neutral
108,110, Pride in accomplishing personal and professional goals.  , Pride        ,2023-03-03 14:30:00, GoalAchiever    , Instagram , #Pride #Accomplishments                     ,12.0,25.0, Canada ,2023,3,3,14,"['pride', 'accomplishing', 'personal', 'professional', 'goals']","['pride', 'accomplish', 'person', 'profession', 'goal']",0.05,Neutral
109,111, Shame for not being true to my values in a difficult situation., Shame ,2023-03-03 12:00:00, ReflectiveSelf3 , Twitter  , #Shame #Integrity                           ,15.0,30.0, UK        ,2023,3,3,12,"['shame', 'true', 'values', 'difficult', 'situation']","['shame', 'true', 'valu', 'difficult', 'situat']",-0.07500000000000001,Neutral
110,112," Revisiting old memories, feeling a sense of elation. ", Elation       ,2010-05-15 15:30:00, NostalgiaFan    , Twitter  , #Elation #Memories                             ,20.0,40.0, Canada    ,2010,5,15,15,"['revisiting', 'old', 'memories', 'feeling', 'sense', 'elation']","['revisit', 'old', 'memori', 'feel', 'sens', 'elat']",0.1,Neutral
111,113, The victory of our team brought euphoria to the city. , Euphoria      ,2021-08-10 21:15:00, SportsFanatic   , Instagram , #Euphoria #Victory                             ,15.0,30.0, USA      ,2021,8,10,21,"['victory', 'team', 'brought', 'euphoria', 'city']","['victori', 'team', 'brought', 'euphoria', 'citi']",0.0,Neutral
112,114," Embracing the beauty of nature, a moment of contentment. ", Contentment   ,2011-06-20 14:45:00, NatureLover2    , Facebook , #Contentment #Nature                           ,25.0,50.0, India       ,2011,6,20,14,"['embracing', 'beauty', 'nature', 'moment', 'contentment']","['embrac', 'beauti', 'natur', 'moment', 'content']",0.0,Neutral
113,115," Meditating by the serene lake, finding inner peace.   ", Serenity      ,2022-02-12 18:20:00, ZenMaster2      , Twitter  , #Serenity #Meditation                          ,18.0,35.0, UK          ,2022,2,12,18,"['meditating', 'serene', 'lake', 'finding', 'inner', 'peace']","['medit', 'seren', 'lake', 'find', 'inner', 'peac']",0.0,Neutral
114,116, Overflowing with gratitude for life's blessings.      , Gratitude     ,2012-11-25 10:00:00, ThankfulHeart   , Instagram , #Gratitude #Blessed                            ,30.0,60.0, Australia   ,2012,11,25,10,"['overflowing', 'gratitude', 'life', 'blessings']","['overflow', 'gratitud', 'life', 'bless']",0.0,Neutral
115,117," Hopeful for a brighter tomorrow, despite challenges.  ", Hope          ,2013-04-05 19:30:00, OptimisticSoul  , Facebook , #Hope #Optimism                                ,22.0,45.0, USA      ,2013,4,5,19,"['hopeful', 'brighter', 'tomorrow', 'despite', 'challenges']","['hope', 'brighter', 'tomorrow', 'despit', 'challeng']",0.0,Neutral
116,118, Empowered to make a difference in my community.        , Empowerment   ,2014-09-14 08:30:00, CommunityLeader , Twitter  , #Empowerment #Community                        ,15.0,30.0, UK       ,2014,9,14,8,"['empowered', 'make', 'difference', 'community']","['empow', 'make', 'differ', 'commun']",0.0,Neutral
117,119, Compassion in action: supporting a local charity event. , Compassion    ,2015-07-18 14:20:00, CharitySupporter, Instagram , #Compassion #CharityEvent                   ,18.0,35.0, Canada ,2015,7,18,14,"['compassion', 'action', 'supporting', 'local', 'charity', 'event']","['compass', 'action', 'support', 'local', 'chariti', 'event']",0.11666666666666665,Positive
118,120," A moment of tenderness, connecting with loved ones.    ", Tenderness    ,2016-02-23 19:45:00, LovingHeart     , Facebook , #Tenderness #FamilyTime                       ,25.0,50.0, UK          ,2016,2,23,19,"['moment', 'tenderness', 'connecting', 'loved', 'ones']","['moment', 'tender', 'connect', 'love', 'one']",0.7,Positive
119,121, Arousal of excitement as I await a special announcement., Arousal       ,2017-10-30 11:30:00, ExcitementFan   , Twitter  , #Arousal #Excitement                           ,20.0,40.0, Australia ,2017,10,30,11,"['arousal', 'excitement', 'await', 'special', 'announcement']","['arous', 'excit', 'await', 'special', 'announc']",0.35714285714285715,Positive
120,122, Enthusiastically diving into a new project.            , Enthusiasm    ,2018-06-15 16:00:00, ProjectEnthusiast, Instagram , #Enthusiasm #NewProject                       ,15.0,30.0, USA  ,2018,6,15,16,"['enthusiastically', 'diving', 'new', 'project']","['enthusiast', 'dive', 'new', 'project']",0.13636363636363635,Positive
121,123, Feeling a sense of fulfillment after reaching a milestone., Fulfillment  ,2019-03-28 18:20:00, MilestoneAchiever, Facebook , #Fulfillment #Milestone                       ,22.0,45.0, India     ,2019,3,28,18,"['feeling', 'sense', 'fulfillment', 'reaching', 'milestone']","['feel', 'sens', 'fulfil', 'reach', 'mileston']",0.0,Neutral
122,124, Reverence for the beauty of a historic landmark.       , Reverence     ,2019-11-11 15:00:00, HistoryLover    , Twitter  , #Reverence #History                           ,18.0,35.0, UK      ,2019,11,11,15,"['reverence', 'beauty', 'historic', 'landmark']","['rever', 'beauti', 'histor', 'landmark']",0.0,Neutral
123,125, Elation after a surprise reunion with old friends.    , Elation       ,2020-04-02 09:30:00, JoyfulReunion2  , Instagram , #Elation #OldFriends                          ,25.0,50.0, Canada      ,2020,4,2,9,"['elation', 'surprise', 'reunion', 'old', 'friends']","['elat', 'surpris', 'reunion', 'old', 'friend']",0.1,Neutral
124,126, The euphoria of a live music concert under the stars.  , Euphoria      ,2021-06-19 14:45:00, MusicEnthusiast , Facebook , #Euphoria #LiveMusic                          ,15.0,30.0, USA ,2021,6,19,14,"['euphoria', 'live', 'music', 'concert', 'stars']","['euphoria', 'live', 'music', 'concert', 'star']",0.13636363636363635,Positive
125,127, Contentment in the simplicity of a quiet Sunday.       , Contentment   ,2010-08-15 10:00:00, SimpleJoys      , Twitter  , #Contentment #SundayMood                      ,30.0,60.0, Australia ,2010,8,15,10,"['contentment', 'simplicity', 'quiet', 'sunday']","['content', 'simplic', 'quiet', 'sunday']",0.0,Neutral
126,128, Serenity found in the pages of a favorite book.        , Serenity      ,2011-09-22 19:30:00, BookLover3      , Instagram , #Serenity #BookTime                           ,22.0,45.0, UK          ,2011,9,22,19,"['serenity', 'found', 'pages', 'favorite', 'book']","['seren', 'found', 'page', 'favorit', 'book']",0.5,Positive
127,129, Gratitude for the support received during tough times. , Gratitude     ,2012-03-10 08:30:00, SupportiveFriend, Facebook , #Gratitude #Supportive                        ,15.0,30.0, India     ,2012,3,10,8,"['gratitude', 'support', 'received', 'tough', 'times']","['gratitud', 'support', 'receiv', 'tough', 'time']",-0.3888888888888889,Negative
128,130, Hopeful about the possibilities of a new journey.      , Hope          ,2013-12-05 16:00:00, JourneyOptimist , Twitter  , #Hope #NewBeginnings                          ,18.0,35.0, Canada    ,2013,12,5,16,"['hopeful', 'possibilities', 'new', 'journey']","['hope', 'possibl', 'new', 'journey']",0.13636363636363635,Positive
129,131, Empowerment through learning and personal growth.      , Empowerment   ,2014-07-20 11:30:00, GrowthSeeker    , Instagram , #Empowerment #PersonalGrowth                  ,25.0,50.0,USA,2014,7,20,11,"['empowerment', 'learning', 'personal', 'growth']","['empower', 'learn', 'person', 'growth']",0.0,Neutral
130,132, Compassion towards those in need during the holidays.  , Compassion    ,2015-12-22 14:20:00, HolidayHelper   , Facebook , #Compassion #HolidaySupport                   ,18.0,35.0, USA      ,2015,12,22,14,"['compassion', 'towards', 'need', 'holidays']","['compass', 'toward', 'need', 'holiday']",0.0,Neutral
131,133, Tenderness in the warmth of a cozy winter evening.     , Tenderness    ,2016-02-10 19:45:00, WinterWarmth    , Twitter  , #Tenderness #CozyEvening                     ,25.0,50.0, UK       ,2016,2,10,19,"['tenderness', 'warmth', 'cozy', 'winter', 'evening']","['tender', 'warmth', 'cozi', 'winter', 'even']",-0.19999999999999998,Negative
132,134, Arousal of excitement for an upcoming adventure.       , Arousal       ,2017-04-30 11:30:00, AdventureAwaits , Instagram , #Arousal #AdventureTime                       ,20.0,40.0, Australia ,2017,4,30,11,"['arousal', 'excitement', 'upcoming', 'adventure']","['arous', 'excit', 'upcom', 'adventur']",0.0,Neutral
133,135, Enthusiasm for a creative project in the making.       , Enthusiasm    ,2018-09-15 16:00:00, CreativeSpirit  , Facebook , #Enthusiasm #Creativity                       ,15.0,30.0, Canada    ,2018,9,15,16,"['enthusiasm', 'creative', 'project', 'making']","['enthusiasm', 'creativ', 'project', 'make']",0.5,Positive
134,136, Fulfillment in completing a challenging workout routine., Fulfillment  ,2019-06-28 18:20:00, FitnessAchiever , Twitter  , #Fulfillment #FitnessGoals                   ,22.0,45.0, India     ,2019,6,28,18,"['fulfillment', 'completing', 'challenging', 'workout', 'routine']","['fulfil', 'complet', 'challeng', 'workout', 'routin']",0.5,Positive
135,137, Reverence for the artistry displayed in a museum.      , Reverence     ,2020-11-11 15:00:00, ArtAppreciator  , Instagram , #Reverence #ArtAppreciation                  ,18.0,35.0, UK        ,2020,11,11,15,"['reverence', 'artistry', 'displayed', 'museum']","['rever', 'artistri', 'display', 'museum']",0.0,Neutral
136,138, Elation after achieving a personal goal.               , Elation       ,2021-03-02 09:30:00, GoalAchiever2   , Facebook , #Elation #PersonalAchievement                ,25.0,50.0, USA      ,2021,3,2,9,"['elation', 'achieving', 'personal', 'goal']","['elat', 'achiev', 'person', 'goal']",0.0,Neutral
137,139, Elation over discovering a hidden gem in the city.   , Elation       ,2012-02-18 14:30:00, UrbanExplorer2  , Twitter  , #Elation #HiddenGem                            ,20.0,40.0, USA      ,2012,2,18,14,"['elation', 'discovering', 'hidden', 'gem', 'city']","['elat', 'discov', 'hidden', 'gem', 'citi']",-0.16666666666666666,Negative
138,140, The euphoria of a surprise birthday celebration.     , Euphoria      ,2018-11-05 21:45:00, BirthdayJoy     , Instagram , #Euphoria #BirthdaySurprise                   ,15.0,30.0, UK   ,2018,11,5,21,"['euphoria', 'surprise', 'birthday', 'celebration']","['euphoria', 'surpris', 'birthday', 'celebr']",0.0,Neutral
139,141, Contentment in the simplicity of a home-cooked meal. , Contentment   ,2015-09-12 13:20:00, HomeChef        , Facebook , #Contentment #HomeCooking                     ,25.0,50.0, India    ,2015,9,12,13,"['contentment', 'simplicity', 'home', 'cooked', 'meal']","['content', 'simplic', 'home', 'cook', 'meal']",0.0,Neutral
140,142, Serenity found in the melody of a peaceful piano.    , Serenity      ,2016-07-30 18:10:00, MusicLover4     , Twitter  , #Serenity #PeacefulMelody                    ,18.0,35.0, Canada      ,2016,7,30,18,"['serenity', 'found', 'melody', 'peaceful', 'piano']","['seren', 'found', 'melodi', 'peac', 'piano']",0.25,Positive
141,143, Gratitude for the supportive community around me.    , Gratitude     ,2013-04-20 10:30:00, CommunityLove   , Instagram , #Gratitude #CommunitySupport                   ,30.0,60.0, USA ,2013,4,20,10,"['gratitude', 'supportive', 'community', 'around']","['gratitud', 'support', 'commun', 'around']",0.5,Positive
142,144, Hopeful about the prospects of a new business venture., Hope          ,2017-12-08 19:15:00, EntrepreneurHope, Facebook , #Hope #BusinessVenture                        ,22.0,45.0, Canada    ,2017,12,8,19,"['hopeful', 'prospects', 'new', 'business', 'venture']","['hope', 'prospect', 'new', 'busi', 'ventur']",0.13636363636363635,Positive
143,145, Empowerment through mentoring and guiding others.    , Empowerment   ,2014-06-03 08:20:00, MentorEmpower   , Twitter  , #Empowerment #Mentorship                      ,15.0,30.0, UK       ,2014,6,3,8,"['empowerment', 'mentoring', 'guiding', 'others']","['empower', 'mentor', 'guid', 'other']",0.0,Neutral
144,146, Compassion shown through acts of kindness in the community., Compassion,2019-01-15 14:50:00, KindnessInAction, Instagram , #Compassion #CommunityKindness               ,18.0,35.0, Australia ,2019,1,15,14,"['compassion', 'shown', 'acts', 'kindness', 'community']","['compass', 'shown', 'act', 'kind', 'commun']",0.0,Neutral
145,147, Tenderness in a heartfelt message to a loved one.    , Tenderness    ,2016-12-25 19:30:00, LoveExpress     , Facebook , #Tenderness #LoveNote                         ,25.0,50.0, UK          ,2016,12,25,19,"['tenderness', 'heartfelt', 'message', 'loved', 'one']","['tender', 'heartfelt', 'messag', 'love', 'one']",0.35,Positive
146,148, Arousal of excitement before a much-awaited trip.    , Arousal       ,2018-03-10 09:45:00, TravelExcitement, Twitter  , #Arousal #TravelAdventure                     ,20.0,40.0, India    ,2018,3,10,9,"['arousal', 'excitement', 'much', 'awaited', 'trip']","['arous', 'excit', 'much', 'await', 'trip']",0.0,Neutral
147,149, Enthusiasm for a new artistic project in the works.  , Enthusiasm    ,2020-09-17 16:30:00, ArtisticSpirit  , Instagram , #Enthusiasm #ArtisticProject                 ,15.0,30.0, USA       ,2020,9,17,16,"['enthusiasm', 'new', 'artistic', 'project', 'works']","['enthusiasm', 'new', 'artist', 'project', 'work']",0.23484848484848483,Positive
148,150, Feeling a sense of fulfillment after helping others. , Fulfillment   ,2011-08-28 18:45:00, HelperHeart     , Facebook , #Fulfillment #HelpingOthers                  ,22.0,45.0, Canada    ,2011,8,28,18,"['feeling', 'sense', 'fulfillment', 'helping', 'others']","['feel', 'sens', 'fulfil', 'help', 'other']",0.0,Neutral
149,151, Reverence for the historical significance of a landmark., Reverence ,2017-11-01 15:30:00, HistoryBuff     , Twitter  , #Reverence #HistoricalSite                   ,18.0,35.0, Australia ,2017,11,1,15,"['reverence', 'historical', 'significance', 'landmark']","['rever', 'histor', 'signific', 'landmark']",0.0,Neutral
150,152, Elation after achieving a fitness milestone.         , Elation       ,2019-06-15 10:00:00, FitnessAchiever2, Instagram , #Elation #FitnessMilestone                   ,25.0,50.0, UK           ,2019,6,15,10,"['elation', 'achieving', 'fitness', 'milestone']","['elat', 'achiev', 'fit', 'mileston']",0.0,Neutral
151,153, The euphoria of a successful product launch.         , Euphoria      ,2022-04-03 11:45:00, ProductLaunchJoy, Facebook , #Euphoria #ProductLaunchSuccess              ,15.0,30.0, USA       ,2022,4,3,11,"['euphoria', 'successful', 'product', 'launch']","['euphoria', 'success', 'product', 'launch']",0.75,Positive
152,154, Contentment in the embrace of a loved one.           , Contentment   ,2010-11-12 20:20:00, LovingEmbrace   , Twitter  , #Contentment #Love                             ,30.0,60.0, India    ,2010,11,12,20,"['contentment', 'embrace', 'loved', 'one']","['content', 'embrac', 'love', 'one']",0.7,Positive
153,155, Serenity found in the beauty of a sunset by the sea.  , Serenity      ,2011-07-22 18:30:00, SunsetWatcher2  , Instagram , #Serenity #SunsetViews                       ,22.0,45.0, Canada     ,2011,7,22,18,"['serenity', 'found', 'beauty', 'sunset', 'sea']","['seren', 'found', 'beauti', 'sunset', 'sea']",0.0,Neutral
154,156, Gratitude for the small joys that each day brings.   , Gratitude     ,2012-03-30 11:20:00, JoyfulHeart2    , Facebook , #Gratitude #SmallJoys                        ,15.0,30.0, Australia   ,2012,3,30,11,"['gratitude', 'small', 'joys', 'day', 'brings']","['gratitud', 'small', 'joy', 'day', 'bring']",-0.25,Negative
155,157, Hopeful about the potential for personal growth.      , Hope          ,2013-10-05 16:40:00, GrowthOptimist  , Twitter  , #Hope #PersonalDevelopment                    ,18.0,35.0, UK       ,2013,10,5,16,"['hopeful', 'potential', 'personal', 'growth']","['hope', 'potenti', 'person', 'growth']",0.0,Neutral
156,158, Empowerment through learning a new skill.            , Empowerment   ,2014-07-10 13:15:00, SkillEmpower    , Instagram , #Empowerment #SkillBuilding                   ,25.0,50.0, India   ,2014,7,10,13,"['empowerment', 'learning', 'new', 'skill']","['empower', 'learn', 'new', 'skill']",0.13636363636363635,Positive
157,159, Compassion in volunteering for a local charity.       , Compassion    ,2015-12-18 14:20:00, CharityVolunteer, Facebook , #Compassion #VolunteerWork                   ,18.0,35.0, USA      ,2015,12,18,14,"['compassion', 'volunteering', 'local', 'charity']","['compass', 'volunt', 'local', 'chariti']",0.0,Neutral
158,160, Tenderness in a quiet moment shared with a pet.      , Tenderness    ,2016-02-10 19:45:00, PetLove         , Twitter  , #Tenderness #PetLove                          ,25.0,50.0, Canada   ,2016,2,10,19,"['tenderness', 'quiet', 'moment', 'shared', 'pet']","['tender', 'quiet', 'moment', 'share', 'pet']",0.0,Neutral
159,161, Arousal of excitement for an upcoming festival.       , Arousal       ,2017-09-25 11:30:00, FestivalFan     , Instagram , #Arousal #FestivalExcitement               ,20.0,40.0, UK ,2017,9,25,11,"['arousal', 'excitement', 'upcoming', 'festival']","['arous', 'excit', 'upcom', 'festiv']",0.0,Neutral
160,162, Enthusiasm for a DIY home improvement project.       , Enthusiasm    ,2018-04-15 16:00:00, DIYEnthusiast   , Facebook , #Enthusiasm #HomeImprovement                 ,15.0,30.0, Australia   ,2018,4,15,16,"['enthusiasm', 'diy', 'home', 'improvement', 'project']","['enthusiasm', 'diy', 'home', 'improv', 'project']",0.0,Neutral
161,163, Fulfillment in completing a challenging puzzle.      , Fulfillment   ,2019-11-28 18:20:00, PuzzleMaster    , Twitter  , #Fulfillment #PuzzleChallenge                ,22.0,45.0, India    ,2019,11,28,18,"['fulfillment', 'completing', 'challenging', 'puzzle']","['fulfil', 'complet', 'challeng', 'puzzl']",0.5,Positive
162,164, Reverence for the wonders of nature on a hiking trail., Reverence ,2020-05-11 15:00:00, NatureAdmirer   , Instagram , #Reverence #NatureExploration                ,18.0,35.0, USA        ,2020,5,11,15,"['reverence', 'wonders', 'nature', 'hiking', 'trail']","['rever', 'wonder', 'natur', 'hike', 'trail']",0.0,Neutral
163,165, Elation after a surprise reunion with a childhood friend., Elation   ,2021-02-05 09:30:00, ChildhoodJoy    , Facebook , #Elation #FriendshipReunion                  ,25.0,50.0, Canada      ,2021,2,5,9,"['elation', 'surprise', 'reunion', 'childhood', 'friend']","['elat', 'surpris', 'reunion', 'childhood', 'friend']",0.0,Neutral
164,166, Suffering from despair after another setback.      , Despair         ,2021-03-10 08:30:00, StrugglingSoul    , Twitter  , #Despair #Struggle                              ,5.0,10.0, USA          ,2021,3,10,8,"['suffering', 'despair', 'another', 'setback']","['suffer', 'despair', 'anoth', 'setback']",0.0,Neutral
165,167," Overwhelmed by grief, missing a loved one dearly.  ", Grief           ,2022-07-05 15:45:00, MourningHeart     , Instagram , #Grief #Loss                                   ,8.0,15.0, Canada          ,2022,7,5,15,"['overwhelmed', 'grief', 'missing', 'loved', 'one', 'dearly']","['overwhelm', 'grief', 'miss', 'love', 'one', 'dearli']",-0.10000000000000002,Negative
166,168, Loneliness creeps in as the night grows colder.    , Loneliness      ,2019-11-18 21:20:00, SolitarySoul      , Facebook , #Loneliness #Isolation                         ,10.0,20.0, UK           ,2019,11,18,21,"['loneliness', 'creeps', 'night', 'grows', 'colder']","['loneli', 'creep', 'night', 'grow', 'colder']",0.0,Neutral
167,169, Jealousy consumes me as I witness others' success. , Jealousy        ,2020-08-12 11:30:00, EnviousObserver   , Twitter  , #Jealousy #Envy                               ,12.0,25.0, India        ,2020,8,12,11,"['jealousy', 'consumes', 'witness', 'others', 'success']","['jealousi', 'consum', 'wit', 'other', 'success']",0.3,Positive
168,170, Resentment building up over past betrayals.        , Resentment      ,2018-05-22 14:45:00, BitterHeart       , Instagram , #Resentment #Bitterness                       ,7.0,15.0, Australia     ,2018,5,22,14,"['resentment', 'building', 'past', 'betrayals']","['resent', 'build', 'past', 'betray']",-0.25,Negative
169,171, Frustration mounts as obstacles block my path.     , Frustration     ,2017-01-30 16:10:00, BlockedGoals      , Facebook , #Frustration #Obstacles                       ,10.0,20.0, USA          ,2017,1,30,16,"['frustration', 'mounts', 'obstacles', 'block', 'path']","['frustrat', 'mount', 'obstacl', 'block', 'path']",-0.05,Neutral
170,172," Boredom sets in, the day feels endlessly dull.     ", Boredom         ,2016-09-28 19:45:00, BoredMind         , Twitter  , #Boredom #LackOfInterest                     ,8.0,15.0, Canada        ,2016,9,28,19,"['boredom', 'sets', 'day', 'feels', 'endlessly', 'dull']","['boredom', 'set', 'day', 'feel', 'endlessli', 'dull']",-0.2916666666666667,Negative
171,173," Anxiety grips my heart, worry clouds my thoughts.  ", Anxiety         ,2019-04-15 09:00:00, WorriedMind       , Instagram , #Anxiety #Worry                               ,12.0,25.0, UK           ,2019,4,15,9,"['anxiety', 'grips', 'heart', 'worry', 'clouds', 'thoughts']","['anxieti', 'grip', 'heart', 'worri', 'cloud', 'thought']",0.0,Neutral
172,174, Intimidation by the unknown future ahead.          , Intimidation    ,2021-12-03 18:30:00, FearfulSoul       , Facebook , #Intimidation #Fear                           ,15.0,30.0, India        ,2021,12,3,18,"['intimidation', 'unknown', 'future', 'ahead']","['intimid', 'unknown', 'futur', 'ahead']",-0.05,Neutral
173,175, Helplessness sinks in as challenges pile up.       , Helplessness    ,2020-06-20 14:20:00, OverwhelmedHeart  , Twitter  , #Helplessness #Overwhelmed                    ,8.0,15.0, Australia    ,2020,6,20,14,"['helplessness', 'sinks', 'challenges', 'pile']","['helpless', 'sink', 'challeng', 'pile']",-0.1,Neutral
174,176, Envy eats away at me as I see others' prosperity.  , Envy            ,2018-11-07 11:30:00, CovetousMind     , Instagram , #Envy #Desire                                ,10.0,20.0, Canada        ,2018,11,7,11,"['envy', 'eats', 'away', 'see', 'others', 'prosperity']","['envi', 'eat', 'away', 'see', 'other', 'prosper']",0.0,Neutral
175,177, Regret over missed opportunities haunts my thoughts., Regret         ,2017-08-25 16:00:00, RemorsefulSoul   , Facebook , #Regret #MissedChances                       ,12.0,25.0, UK           ,2017,8,25,16,"['regret', 'missed', 'opportunities', 'haunts', 'thoughts']","['regret', 'miss', 'opportun', 'haunt', 'thought']",0.0,Neutral
176,178, Disgust at the sight of injustice and cruelty.     , Disgust         ,2019-02-11 09:45:00, DisgustedHeart   , Twitter  , #Disgust #Injustice                          ,7.0,15.0, India        ,2019,2,11,9,"['disgust', 'sight', 'injustice', 'cruelty']","['disgust', 'sight', 'injustic', 'cruelti']",0.0,Neutral
177,179," Drowning in despair, hope slipping through my fingers.", Despair      ,2016-04-02 20:20:00, HopelessHeart    , Instagram , #Despair #Hopeless                           ,10.0,20.0, USA          ,2016,4,2,20,"['drowning', 'despair', 'hope', 'slipping', 'fingers']","['drown', 'despair', 'hope', 'slip', 'finger']",-0.1,Neutral
178,180," Grief weighs heavy, tears a constant companion.    ", Grief           ,2015-10-18 15:30:00, TearfulSoul      , Facebook , #Grief #Tears                                ,12.0,25.0, Canada        ,2015,10,18,15,"['grief', 'weighs', 'heavy', 'tears', 'constant', 'companion']","['grief', 'weigh', 'heavi', 'tear', 'constant', 'companion']",-0.3333333333333333,Negative
179,181," Loneliness in a crowded room, a silent cry for connection.", Loneliness ,2019-07-12 18:10:00, IsolatedMind     , Twitter  , #Loneliness #SeekingConnection              ,15.0,30.0, UK            ,2019,7,12,18,"['loneliness', 'crowded', 'room', 'silent', 'cry', 'connection']","['loneli', 'crowd', 'room', 'silent', 'cri', 'connect']",0.0,Neutral
180,182," Jealousy gnaws at my confidence, a toxic emotion.  ", Jealousy        ,2018-06-03 16:30:00, SelfDoubt        , Instagram , #Jealousy #Insecurity                       ,8.0,15.0, India         ,2018,6,3,16,"['jealousy', 'gnaws', 'confidence', 'toxic', 'emotion']","['jealousi', 'gnaw', 'confid', 'toxic', 'emot']",0.0,Neutral
181,183," Resentment festers, poisoning relationships.       ", Resentment      ,2022-01-15 12:00:00, BrokenTrust      , Facebook , #Resentment #BrokenTrust                     ,10.0,20.0, Australia    ,2022,1,15,12,"['resentment', 'festers', 'poisoning', 'relationships']","['resent', 'fester', 'poison', 'relationship']",0.0,Neutral
182,184," Frustration boils over, a volcanic eruption of emotions.", Frustration ,2017-04-10 14:45:00, ExplosiveMind    , Twitter  , #Frustration #EmotionalOutburst             ,12.0,25.0, USA          ,2017,4,10,14,"['frustration', 'boils', 'volcanic', 'eruption', 'emotions']","['frustrat', 'boil', 'volcan', 'erupt', 'emot']",0.0,Neutral
183,185," Boredom settles like dust, life feels mundane.     ", Boredom         ,2016-11-28 19:00:00, MundaneHeart     , Instagram , #Boredom #Monotony                          ,7.0,15.0, Canada        ,2016,11,28,19,"['boredom', 'settles', 'like', 'dust', 'life', 'feels', 'mundane']","['boredom', 'settl', 'like', 'dust', 'life', 'feel', 'mundan']",-0.16666666666666666,Negative
184,186," Anxiety grips my chest, a relentless grip on my thoughts.", Anxiety   ,2018-09-05 09:30:00, RestlessMind     , Facebook , #Anxiety #Restlessness                      ,10.0,20.0, UK            ,2018,9,5,9,"['anxiety', 'grips', 'chest', 'relentless', 'grip', 'thoughts']","['anxieti', 'grip', 'chest', 'relentless', 'grip', 'thought']",0.0,Neutral
185,187," Intimidation by the challenges ahead, fear takes hold.", Intimidation ,2021-10-22 18:30:00, FearfulJourney   , Twitter  , #Intimidation #FacingFear                   ,15.0,30.0, India         ,2021,10,22,18,"['intimidation', 'challenges', 'ahead', 'fear', 'takes', 'hold']","['intimid', 'challeng', 'ahead', 'fear', 'take', 'hold']",0.0,Neutral
186,188," Helplessness engulfs me, drowning in a sea of problems.", Helplessness ,2019-05-08 14:20:00, OverwhelmedSoul  , Instagram , #Helplessness #Struggling                   ,8.0,15.0, Australia    ,2019,5,8,14,"['helplessness', 'engulfs', 'drowning', 'sea', 'problems']","['helpless', 'engulf', 'drown', 'sea', 'problem']",0.0,Neutral
187,189," Envy poisons my thoughts, coveting others' success.", Envy            ,2017-03-20 11:30:00, GreenEyedMonster , Facebook , #Envy #Success                              ,10.0,20.0, Canada        ,2017,3,20,11,"['envy', 'poisons', 'thoughts', 'coveting', 'others', 'success']","['envi', 'poison', 'thought', 'covet', 'other', 'success']",0.3,Positive
188,190, Regret for decisions that led to a painful present., Regret         ,2018-12-15 16:00:00, RegretfulMind    , Twitter  , #Regret #PastChoices                        ,12.0,25.0, USA          ,2018,12,15,16,"['regret', 'decisions', 'led', 'painful', 'present']","['regret', 'decis', 'led', 'pain', 'present']",-0.35,Negative
189,191, Disgust at the corruption that stains society.     , Disgust         ,2016-07-01 09:45:00, CorruptedHeart   , Instagram , #Disgust #Corruption                        ,7.0,15.0, UK            ,2016,7,1,9,"['disgust', 'corruption', 'stains', 'society']","['disgust', 'corrupt', 'stain', 'societi']",0.0,Neutral
190,192," Sinking in despair, each day darker than the last. ", Despair         ,2020-08-20 20:20:00, DrowningSoul     , Facebook , #Despair #DarkDays                          ,10.0,20.0, India         ,2020,8,20,20,"['sinking', 'despair', 'day', 'darker', 'last']","['sink', 'despair', 'day', 'darker', 'last']",0.0,Neutral
191,193," Grief overwhelms, a storm of emotions within.      ", Grief           ,2021-02-25 15:30:00, StormyHeart      , Twitter  , #Grief #EmotionalStorm                      ,12.0,25.0, Canada        ,2021,2,25,15,"['grief', 'overwhelms', 'storm', 'emotions', 'within']","['grief', 'overwhelm', 'storm', 'emot', 'within']",-0.8,Negative
192,194," Loneliness echoes in empty spaces, yearning for connection.", Loneliness ,2019-09-12 18:10:00, EchoingSoul     , Instagram , #Loneliness #YearningForConnection         ,15.0,30.0, Australia     ,2019,9,12,18,"['loneliness', 'echoes', 'empty', 'spaces', 'yearning', 'connection']","['loneli', 'echo', 'empti', 'space', 'yearn', 'connect']",-0.1,Neutral
193,195," Jealousy poisons my thoughts, resentment brewing within.", Jealousy    ,2018-08-05 16:30:00, PoisonedMind    , Facebook , #Jealousy #Resentment                       ,8.0,15.0, USA           ,2018,8,5,16,"['jealousy', 'poisons', 'thoughts', 'resentment', 'brewing', 'within']","['jealousi', 'poison', 'thought', 'resent', 'brew', 'within']",0.0,Neutral
194,196," Resentment festers, a wound that refuses to heal.  ", Resentment      ,2017-01-12 12:00:00, UnforgivingSoul  , Twitter  , #Resentment #Unforgiving                    ,10.0,20.0, India         ,2017,1,12,12,"['resentment', 'festers', 'wound', 'refuses', 'heal']","['resent', 'fester', 'wound', 'refus', 'heal']",0.0,Neutral
195,197," Frustration escalates, a thunderstorm of emotions. ", Frustration     ,2022-04-05 14:45:00, ThunderingMind   , Instagram , #Frustration #EmotionalOutburst            ,12.0,25.0, UK            ,2022,4,5,14,"['frustration', 'escalates', 'thunderstorm', 'emotions']","['frustrat', 'escal', 'thunderstorm', 'emot']",0.0,Neutral
196,198," Boredom lingers, a stagnant pool of indifference.  ", Boredom         ,2021-10-02 19:00:00, StagnantHeart    , Facebook , #Boredom #Stagnation                        ,7.0,15.0, Canada        ,2021,10,2,19,"['boredom', 'lingers', 'stagnant', 'pool', 'indifference']","['boredom', 'linger', 'stagnant', 'pool', 'indiffer']",0.0,Neutral
197,199," Embarking on a journey of discovery, fueled by curiosity and a thirst for knowledge. ", Curiosity       ,2023-04-15 10:15:00, InquisitiveMind   , Twitter  , #Curiosity #Learning                        ,15.0,30.0, USA          ,2023,4,15,10,"['embarking', 'journey', 'discovery', 'fueled', 'curiosity', 'thirst', 'knowledge']","['embark', 'journey', 'discoveri', 'fuel', 'curios', 'thirst', 'knowledg']",0.0,Neutral
198,200," Lost in the vast sea of information, an indifferent wave in the digital ocean. ", Indifference    ,2022-11-28 17:30:00, ApatheticObserver , Instagram , #Indifference #DigitalOverload              ,7.0,15.0, Canada          ,2022,11,28,17,"['lost', 'vast', 'sea', 'information', 'indifferent', 'wave', 'digital', 'ocean']","['lost', 'vast', 'sea', 'inform', 'indiffer', 'wave', 'digit', 'ocean']",0.0,Neutral
199,201," The complex puzzle of life leaves me in a state of perpetual confusion, seeking answers in the chaos. ", Confusion       ,2020-04-02 09:45:00, SeekingClarity    , Facebook , #Confusion #LifePuzzle                     ,10.0,20.0, UK           ,2020,4,2,9,"['complex', 'puzzle', 'life', 'leaves', 'state', 'perpetual', 'confusion', 'seeking', 'answers', 'chaos']","['complex', 'puzzl', 'life', 'leav', 'state', 'perpetu', 'confus', 'seek', 'answer', 'chao']",-0.3,Negative
200,202," A numbness settles over me, a shield against the overwhelming emotions life throws my way. ", Numbness        ,2021-08-10 14:00:00, EmotionallyDistant , Twitter  , #Numbness #EmotionalShield                 ,8.0,15.0, India        ,2021,8,10,14,"['numbness', 'settles', 'shield', 'overwhelming', 'emotions', 'life', 'throws', 'way']","['numb', 'settl', 'shield', 'overwhelm', 'emot', 'life', 'throw', 'way']",0.5,Positive
201,203," Gazing at the sunset, a melancholic longing for moments that slip through the fingers of time. ", Melancholy      ,2019-06-18 20:45:00, SunsetDreamer     , Instagram , #Melancholy #SunsetMoments                 ,12.0,25.0, Australia     ,2019,6,18,20,"['gazing', 'sunset', 'melancholic', 'longing', 'moments', 'slip', 'fingers', 'time']","['gaze', 'sunset', 'melanchol', 'long', 'moment', 'slip', 'finger', 'time']",0.0,Neutral
202,204," Revisiting old photographs, caught in the embrace of nostalgia's bittersweet symphony. ", Nostalgia       ,2018-02-05 15:15:00, MemoryLaneTraveler , Facebook , #Nostalgia #MemoryLane                     ,10.0,20.0, USA          ,2018,2,5,15,"['revisiting', 'old', 'photographs', 'caught', 'embrace', 'nostalgia', 'bittersweet', 'symphony']","['revisit', 'old', 'photograph', 'caught', 'embrac', 'nostalgia', 'bittersweet', 'symphoni']",0.1,Neutral
203,205," Torn between conflicting emotions, an ambivalence that paints my decisions in shades of uncertainty. ", Ambivalence     ,2022-05-30 11:30:00, MixedFeelings     , Twitter  , #Ambivalence #UncertainChoices             ,12.0,25.0, Canada        ,2022,5,30,11,"['torn', 'conflicting', 'emotions', 'ambivalence', 'paints', 'decisions', 'shades', 'uncertainty']","['torn', 'conflict', 'emot', 'ambival', 'paint', 'decis', 'shade', 'uncertainti']",0.0,Neutral
204,206," Embracing the ebb and flow of life, finding acceptance in the dance of existence. ", Acceptance      ,2023-01-10 16:20:00, ZenLifestyle      , Instagram , #Acceptance #LifeJourney                   ,15.0,30.0, UK           ,2023,1,10,16,"['embracing', 'ebb', 'flow', 'life', 'finding', 'acceptance', 'dance', 'existence']","['embrac', 'ebb', 'flow', 'life', 'find', 'accept', 'danc', 'exist']",0.0,Neutral
205,207," Facing challenges head-on, a determination that fuels the fire within to achieve the impossible. ", Determination   ,2020-09-18 13:45:00, ResilientSpirit   , Facebook , #Determination #AchieveTheImpossible       ,10.0,20.0, India        ,2020,9,18,13,"['facing', 'challenges', 'head', 'determination', 'fuels', 'fire', 'within', 'achieve', 'impossible']","['face', 'challeng', 'head', 'determin', 'fuel', 'fire', 'within', 'achiev', 'imposs']",-0.6666666666666666,Negative
206,208," Serenity found in the stillness of nature, a tranquil retreat from the chaos of the modern world. ", Serenity        ,2021-07-03 19:00:00, NatureSoul        , Twitter  , #Serenity #NatureRetreat                   ,12.0,25.0, Australia    ,2021,7,3,19,"['serenity', 'found', 'stillness', 'nature', 'tranquil', 'retreat', 'chaos', 'modern', 'world']","['seren', 'found', 'still', 'natur', 'tranquil', 'retreat', 'chao', 'modern', 'world']",0.2,Positive
207,209," Curiosity leading me down the rabbit hole of knowledge, a perpetual student in life's classroom. ", Curiosity       ,2022-10-08 08:15:00, EternalLearner    , Instagram , #Curiosity #KnowledgeQuest                ,20.0,40.0, USA          ,2022,10,8,8,"['curiosity', 'leading', 'rabbit', 'hole', 'knowledge', 'perpetual', 'student', 'life', 'classroom']","['curios', 'lead', 'rabbit', 'hole', 'knowledg', 'perpetu', 'student', 'life', 'classroom']",-0.15555555555555556,Negative
208,210," Floating through the day with an air of indifference, detached from the mundane happenings around. ", Indifference    ,2023-03-22 16:30:00, AloofObserver     , Facebook , #Indifference #FloatingThroughLife        ,10.0,20.0, Canada        ,2023,3,22,16,"['floating', 'day', 'air', 'indifference', 'detached', 'mundane', 'happenings', 'around']","['float', 'day', 'air', 'indiffer', 'detach', 'mundan', 'happen', 'around']",-0.16666666666666666,Negative
209,211," Entangled in the web of thoughts, confusion reigning as I navigate the labyrinth of ideas. ", Confusion       ,2021-05-15 11:45:00, ThoughtExplorer   , Twitter  , #Confusion #ThoughtLabyrinth              ,15.0,30.0, UK            ,2021,5,15,11,"['entangled', 'web', 'thoughts', 'confusion', 'reigning', 'navigate', 'labyrinth', 'ideas']","['entangl', 'web', 'thought', 'confus', 'reign', 'navig', 'labyrinth', 'idea']",0.0,Neutral
210,212," Numb to the chaos, emotions locked away, a stoic facade concealing the inner turmoil. ", Numbness        ,2019-12-28 14:30:00, StoicSoul         , Instagram , #Numbness #StoicFacade                    ,8.0,15.0, Australia     ,2019,12,28,14,"['numb', 'chaos', 'emotions', 'locked', 'away', 'stoic', 'facade', 'concealing', 'inner', 'turmoil']","['numb', 'chao', 'emot', 'lock', 'away', 'stoic', 'facad', 'conceal', 'inner', 'turmoil']",-0.3,Negative
211,213," Melancholy whispers in the breeze, a silent conversation with the echoes of forgotten dreams. ", Melancholy      ,2020-03-01 19:00:00, DreamerInSilence  , Facebook , #Melancholy #WhispersInTheBreeze         ,12.0,25.0, India         ,2020,3,1,19,"['melancholy', 'whispers', 'breeze', 'silent', 'conversation', 'echoes', 'forgotten', 'dreams']","['melancholi', 'whisper', 'breez', 'silent', 'convers', 'echo', 'forgotten', 'dream']",0.0,Neutral
212,214," Stumbling upon an old journal, nostalgia flooding in waves, carrying me to moments long gone. ", Nostalgia       ,2018-07-10 15:45:00, JournalKeeper     , Twitter  , #Nostalgia #JournalMoments               ,10.0,20.0, Canada        ,2018,7,10,15,"['stumbling', 'upon', 'old', 'journal', 'nostalgia', 'flooding', 'waves', 'carrying', 'moments', 'long', 'gone']","['stumbl', 'upon', 'old', 'journal', 'nostalgia', 'flood', 'wave', 'carri', 'moment', 'long', 'gone']",0.025,Neutral
213,215," A tapestry of conflicting feelings, weaving through uncertainty, caught in the threads of ambivalence. ", Ambivalence     ,2022-01-05 10:30:00, ThreadWeaver      , Instagram , #Ambivalence #ConflictingFeelings        ,12.0,25.0, UK            ,2022,1,5,10,"['tapestry', 'conflicting', 'feelings', 'weaving', 'uncertainty', 'caught', 'threads', 'ambivalence']","['tapestri', 'conflict', 'feel', 'weav', 'uncertainti', 'caught', 'thread', 'ambival']",0.0,Neutral
214,216," Embracing the flaws, finding acceptance in imperfection, a journey towards self-love. ", Acceptance      ,2021-08-20 16:20:00, SelfLoveAdvocate  , Facebook , #Acceptance #SelfLoveJourney              ,15.0,30.0, Australia    ,2021,8,20,16,"['embracing', 'flaws', 'finding', 'acceptance', 'imperfection', 'journey', 'towards', 'self', 'love']","['embrac', 'flaw', 'find', 'accept', 'imperfect', 'journey', 'toward', 'self', 'love']",0.0,Neutral
215,217," Determination burning like a wildfire, overcoming obstacles, turning dreams into reality. ", Determination   ,2019-11-03 13:45:00, DreamChaser       , Twitter  , #Determination #DreamsIntoReality        ,18.0,35.0, USA          ,2019,11,3,13,"['determination', 'burning', 'like', 'wildfire', 'overcoming', 'obstacles', 'turning', 'dreams', 'reality']","['determin', 'burn', 'like', 'wildfir', 'overcom', 'obstacl', 'turn', 'dream', 'realiti']",-0.05,Neutral
216,218," Tranquil moments by the ocean, serenity washing over, a peaceful retreat within the waves' embrace. ", Serenity        ,2020-04-12 19:30:00, OceanSoul         , Instagram , #Serenity #OceanRetreat                   ,25.0,50.0, Canada        ,2020,4,12,19,"['tranquil', 'moments', 'ocean', 'serenity', 'washing', 'peaceful', 'retreat', 'within', 'waves', 'embrace']","['tranquil', 'moment', 'ocean', 'seren', 'wash', 'peac', 'retreat', 'within', 'wave', 'embrac']",0.25,Positive
217,219," Exploring new horizons with the spark of curiosity, an adventurer in the vast landscape of knowledge. ", Curiosity       ,2022-04-15 08:45:00, HorizonExplorer   , Facebook , #Curiosity #NewHorizons                  ,22.0,45.0, India         ,2022,4,15,8,"['exploring', 'new', 'horizons', 'spark', 'curiosity', 'adventurer', 'vast', 'landscape', 'knowledge']","['explor', 'new', 'horizon', 'spark', 'curios', 'adventur', 'vast', 'landscap', 'knowledg']",0.06818181818181818,Neutral
218,220," Drifting through the day with a nonchalant demeanor, embracing the art of indifference. ", Indifference    ,2023-02-10 17:00:00, NonchalantSpirit  , Twitter  , #Indifference #DriftingThroughLife       ,9.0,18.0, UK            ,2023,2,10,17,"['drifting', 'day', 'nonchalant', 'demeanor', 'embracing', 'art', 'indifference']","['drift', 'day', 'nonchal', 'demeanor', 'embrac', 'art', 'indiffer']",0.0,Neutral
219,221," Wrestling with thoughts, a perplexed mind lost in the labyrinth of life's complexities. ", Confusion       ,2020-08-05 12:15:00, ComplexThinker    , Instagram , #Confusion #PerplexedMind                ,14.0,28.0, Australia    ,2020,8,5,12,"['wrestling', 'thoughts', 'perplexed', 'mind', 'lost', 'labyrinth', 'life', 'complexities']","['wrestl', 'thought', 'perplex', 'mind', 'lost', 'labyrinth', 'life', 'complex']",0.4,Positive
220,222," Immersed in a state of emotional numbness, a shield against the storm of daily struggles. ", Numbness        ,2021-12-01 15:30:00, ShieldedHeart     , Facebook , #Numbness #EmotionalShield               ,10.0,20.0, USA          ,2021,12,1,15,"['immersed', 'state', 'emotional', 'numbness', 'shield', 'storm', 'daily', 'struggles']","['immers', 'state', 'emot', 'numb', 'shield', 'storm', 'daili', 'struggl']",0.0,Neutral
221,223," A melancholic symphony playing in the background, the soundtrack of a wistful heart. ", Melancholy      ,2019-03-25 21:00:00, SymphonySoul      , Twitter  , #Melancholy #WistfulHeart                ,13.0,26.0, Canada        ,2019,3,25,21,"['melancholic', 'symphony', 'playing', 'background', 'soundtrack', 'wistful', 'heart']","['melanchol', 'symphoni', 'play', 'background', 'soundtrack', 'wist', 'heart']",0.0,Neutral
222,224," Flipping through the pages of an old yearbook, nostalgia painting smiles and tears on my face. ", Nostalgia       ,2017-06-18 14:45:00, YearbookExplorer  , Instagram , #Nostalgia #YearbookMemories            ,12.0,25.0, India         ,2017,6,18,14,"['flipping', 'pages', 'old', 'yearbook', 'nostalgia', 'painting', 'smiles', 'tears', 'face']","['flip', 'page', 'old', 'yearbook', 'nostalgia', 'paint', 'smile', 'tear', 'face']",0.1,Neutral
223,225," Torn between opposing emotions, an ambivalence that colors my decisions with shades of uncertainty. ", Ambivalence     ,2022-07-08 11:30:00, DecisiveDilemma   , Facebook , #Ambivalence #ShadesOfUncertainty       ,15.0,30.0, Australia    ,2022,7,8,11,"['torn', 'opposing', 'emotions', 'ambivalence', 'colors', 'decisions', 'shades', 'uncertainty']","['torn', 'oppos', 'emot', 'ambival', 'color', 'decis', 'shade', 'uncertainti']",0.0,Neutral
224,226," Embracing life's imperfections, finding acceptance in the journey, scars and all. ", Acceptance      ,2023-05-15 16:20:00, ImperfectHarmony  , Twitter  , #Acceptance #ImperfectJourney            ,18.0,36.0, Canada        ,2023,5,15,16,"['embracing', 'life', 'imperfections', 'finding', 'acceptance', 'journey', 'scars']","['embrac', 'life', 'imperfect', 'find', 'accept', 'journey', 'scar']",0.0,Neutral
225,227," A fiery determination burning within, fueled by the vision of reaching unparalleled heights. ", Determination   ,2021-09-10 14:45:00, VisionarySpirit   , Instagram , #Determination #UnparalleledHeights      ,20.0,40.0, UK            ,2021,9,10,14,"['fiery', 'determination', 'burning', 'within', 'fueled', 'vision', 'reaching', 'unparalleled', 'heights']","['fieri', 'determin', 'burn', 'within', 'fuel', 'vision', 'reach', 'unparallel', 'height']",0.0,Neutral
226,228," Basking in the serenity of a quiet forest, where the whispers of nature bring peace to the soul. ", Serenity        ,2020-02-28 18:30:00, ForestDreamer     , Facebook , #Serenity #NatureWhispers                ,25.0,50.0, USA          ,2020,2,28,18,"['basking', 'serenity', 'quiet', 'forest', 'where', 'whispers', 'nature', 'bring', 'peace', 'soul']","['bask', 'seren', 'quiet', 'forest', 'where', 'whisper', 'natur', 'bring', 'peac', 'soul']",0.0,Neutral
227,231," Indifferent to the noise of the world, a silent observer in the midst of life's cacophony. ", Indifference    ,2023-03-10 16:30:00, SilentSpectator   , Instagram , #Indifference #SilentObserver            ,9.0,18.0, India         ,2023,3,10,16,"['indifferent', 'noise', 'world', 'silent', 'observer', 'midst', 'life', 'cacophony']","['indiffer', 'nois', 'world', 'silent', 'observ', 'midst', 'life', 'cacophoni']",0.0,Neutral
228,232," Navigating through the labyrinth of thoughts, confusion a constant companion in the maze of ideas. ", Confusion       ,2021-05-02 11:45:00, MazeNavigator     , Facebook , #Confusion #ThoughtLabyrinth              ,14.0,28.0, Australia    ,2021,5,2,11,"['navigating', 'labyrinth', 'thoughts', 'confusion', 'constant', 'companion', 'maze', 'ideas']","['navig', 'labyrinth', 'thought', 'confus', 'constant', 'companion', 'maze', 'idea']",0.0,Neutral
229,233," An impenetrable numbness shields me from the emotional storms, a fortress of stoic resilience. ", Numbness        ,2019-10-18 14:30:00, ResilientFortress , Twitter  , #Numbness #StoicResilience               ,11.0,22.0, UK            ,2019,10,18,14,"['impenetrable', 'numbness', 'shields', 'emotional', 'storms', 'fortress', 'stoic', 'resilience']","['impenetr', 'numb', 'shield', 'emot', 'storm', 'fortress', 'stoic', 'resili']",0.0,Neutral
230,234," Melancholy painting the world in hues of nostalgia, a canvas of bittersweet memories. ", Melancholy      ,2020-01-05 20:00:00, CanvasDreamer     , Instagram , #Melancholy #BittersweetMemories         ,13.0,26.0, USA          ,2020,1,5,20,"['melancholy', 'painting', 'world', 'hues', 'nostalgia', 'canvas', 'bittersweet', 'memories']","['melancholi', 'paint', 'world', 'hue', 'nostalgia', 'canva', 'bittersweet', 'memori']",0.0,Neutral
231,235," A journey into the past, flipping through the pages of an old diary, nostalgia taking the lead. ", Nostalgia       ,2018-08-10 15:45:00, DiaryExplorer     , Facebook , #Nostalgia #DiaryJourney                 ,12.0,25.0, Canada        ,2018,8,10,15,"['journey', 'past', 'flipping', 'pages', 'old', 'diary', 'nostalgia', 'taking', 'lead']","['journey', 'past', 'flip', 'page', 'old', 'diari', 'nostalgia', 'take', 'lead']",-0.075,Neutral
232,236," Ambivalence clouding decisions, caught in the crossroads of conflicting emotions. ", Ambivalence     ,2022-01-15 10:30:00, CrossroadsTraveler , Twitter  , #Ambivalence #ConflictingEmotions        ,15.0,30.0, India         ,2022,1,15,10,"['ambivalence', 'clouding', 'decisions', 'caught', 'crossroads', 'conflicting', 'emotions']","['ambival', 'cloud', 'decis', 'caught', 'crossroad', 'conflict', 'emot']",0.0,Neutral
233,237," Embracing imperfections, finding acceptance in the mosaic of life's beautiful chaos. ", Acceptance      ,2021-07-20 16:20:00, MosaicDreamer     , Instagram , #Acceptance #BeautifulChaos              ,18.0,36.0, Australia     ,2021,7,20,16,"['embracing', 'imperfections', 'finding', 'acceptance', 'mosaic', 'life', 'beautiful', 'chaos']","['embrac', 'imperfect', 'find', 'accept', 'mosaic', 'life', 'beauti', 'chao']",0.85,Positive
234,238," Determination as the driving force, propelling me forward on the path to extraordinary achievements. ", Determination   ,2019-12-03 13:45:00, PathfinderSpirit  , Facebook , #Determination #ExtraordinaryPath        ,20.0,40.0, USA          ,2019,12,3,13,"['determination', 'driving', 'force', 'propelling', 'forward', 'path', 'extraordinary', 'achievements']","['determin', 'drive', 'forc', 'propel', 'forward', 'path', 'extraordinari', 'achiev']",0.3333333333333333,Positive
235,239," Seeking serenity in the melody of raindrops, a tranquil escape from the noise of everyday life. ", Serenity        ,2020-04-12 19:30:00, RaindropHarmony   , Twitter  , #Serenity #RaindropMelody                ,25.0,50.0, Canada        ,2020,4,12,19,"['seeking', 'serenity', 'melody', 'raindrops', 'tranquil', 'escape', 'noise', 'everyday', 'life']","['seek', 'seren', 'melodi', 'raindrop', 'tranquil', 'escap', 'nois', 'everyday', 'life']",-0.2,Negative
236,240," Curiosity driving the exploration of the unknown, a seeker of knowledge in uncharted territories. ", Curiosity       ,2022-05-08 08:45:00, SeekerOfUnknowns  , Instagram , #Curiosity #SeekerOfKnowledge            ,22.0,45.0, UK            ,2022,5,8,8,"['curiosity', 'driving', 'exploration', 'unknown', 'seeker', 'knowledge', 'uncharted', 'territories']","['curios', 'drive', 'explor', 'unknown', 'seeker', 'knowledg', 'unchart', 'territori']",-0.1,Neutral
237,241," Drifting through the day with an air of nonchalance, indifferent to the trivialities of life. ", Indifference    ,2023-02-22 17:00:00, NonchalantWanderer, Facebook , #Indifference #DriftingThroughLife       ,9.0,18.0, India         ,2023,2,22,17,"['drifting', 'day', 'air', 'nonchalance', 'indifferent', 'trivialities', 'life']","['drift', 'day', 'air', 'nonchal', 'indiffer', 'trivial', 'life']",0.0,Neutral
238,242," Lost in the labyrinth of thoughts, confusion casting shadows on the quest for clarity. ", Confusion       ,2020-06-05 12:15:00, ShadowedSeeker    , Twitter  , #Confusion #LabyrinthOfThoughts          ,14.0,28.0, Australia    ,2020,6,5,12,"['lost', 'labyrinth', 'thoughts', 'confusion', 'casting', 'shadows', 'quest', 'clarity']","['lost', 'labyrinth', 'thought', 'confus', 'cast', 'shadow', 'quest', 'clariti']",0.0,Neutral
239,243," Wrapped in the cloak of emotional numbness, a shield against the storms of life's turbulence. ", Numbness        ,2021-11-30 15:30:00, TurbulentShield   , Instagram , #Numbness #EmotionalStorms               ,10.0,20.0, Canada        ,2021,11,30,15,"['wrapped', 'cloak', 'emotional', 'numbness', 'shield', 'storms', 'life', 'turbulence']","['wrap', 'cloak', 'emot', 'numb', 'shield', 'storm', 'life', 'turbul']",0.0,Neutral
240,244," Melancholy as a companion, painting the canvas of life with the brushstrokes of wistful yearning. ", Melancholy      ,2019-02-25 21:00:00, WistfulPainter    , Facebook , #Melancholy #WistfulYearning             ,13.0,26.0, UK            ,2019,2,25,21,"['melancholy', 'companion', 'painting', 'canvas', 'life', 'brushstrokes', 'wistful', 'yearning']","['melancholi', 'companion', 'paint', 'canva', 'life', 'brushstrok', 'wist', 'yearn']",0.0,Neutral
241,245," Leafing through the pages of an old photo album, nostalgia weaving tales of laughter and tears. ", Nostalgia       ,2017-05-18 14:45:00, TaleWeaver        , Twitter  , #Nostalgia #PhotoAlbumStories            ,12.0,25.0, USA          ,2017,5,18,14,"['leafing', 'pages', 'old', 'photo', 'album', 'nostalgia', 'weaving', 'tales', 'laughter', 'tears']","['leaf', 'page', 'old', 'photo', 'album', 'nostalgia', 'weav', 'tale', 'laughter', 'tear']",0.1,Neutral
242,246," Ambivalence in the air, caught between the crossroads of conflicting emotions and decisions. ", Ambivalence     ,2022-08-05 11:30:00, CrossroadsExplorer, Instagram , #Ambivalence #CrossroadsConfusion        ,15.0,30.0, Canada        ,2022,8,5,11,"['ambivalence', 'air', 'caught', 'crossroads', 'conflicting', 'emotions', 'decisions']","['ambival', 'air', 'caught', 'crossroad', 'conflict', 'emot', 'decis']",0.0,Neutral
243,247," Embracing the beauty in imperfections, finding acceptance in the mosaic of life's unpredictable art. ", Acceptance      ,2023-06-15 16:20:00, MosaicArtist      , Facebook , #Acceptance #UnpredictableArt            ,18.0,36.0, Australia    ,2023,6,15,16,"['embracing', 'beauty', 'imperfections', 'finding', 'acceptance', 'mosaic', 'life', 'unpredictable', 'art']","['embrac', 'beauti', 'imperfect', 'find', 'accept', 'mosaic', 'life', 'unpredict', 'art']",-0.16666666666666666,Negative
244,248," Determination ablaze, forging a path through challenges, sculpting dreams into tangible realities. ", Determination   ,2021-10-10 14:45:00, DreamSculptor     , Twitter  , #Determination #SculptingDreams          ,20.0,40.0, UK            ,2021,10,10,14,"['determination', 'ablaze', 'forging', 'path', 'challenges', 'sculpting', 'dreams', 'tangible', 'realities']","['determin', 'ablaz', 'forg', 'path', 'challeng', 'sculpt', 'dream', 'tangibl', 'realiti']",0.0,Neutral
245,249," Immerse in the serenity of a moonlit night, where the quiet whispers of nature bring peace to the soul. ", Serenity        ,2020-05-12 19:30:00, MoonlitSoul       , Instagram , #Serenity #MoonlitPeace                  ,25.0,50.0, USA          ,2020,5,12,19,"['immerse', 'serenity', 'moonlit', 'night', 'where', 'quiet', 'whispers', 'nature', 'bring', 'peace', 'soul']","['immers', 'seren', 'moonlit', 'night', 'where', 'quiet', 'whisper', 'natur', 'bring', 'peac', 'soul']",0.0,Neutral
246,250," Fueled by curiosity, venturing into uncharted realms, a fearless explorer of the mysteries of the world. ", Curiosity       ,2022-12-01 09:15:00, FearlessExplorer  , Facebook , #Curiosity #FearlessExplorer              ,22.0,44.0, India         ,2022,12,1,9,"['fueled', 'curiosity', 'venturing', 'uncharted', 'realms', 'fearless', 'explorer', 'mysteries', 'world']","['fuel', 'curios', 'ventur', 'unchart', 'realm', 'fearless', 'explor', 'mysteri', 'world']",0.0,Neutral
247,251,"Wrapped in the cloak of emotional numbness, a shield against the storms of life's turbulence. ", Numbness ,2021-11-30 15:30:00, TurbulentShield , Instagram , #Numbness #EmotionalStorms ,10.0,20.0, Canada ,2021,11,30,15,"['wrapped', 'cloak', 'emotional', 'numbness', 'shield', 'storms', 'life', 'turbulence']","['wrap', 'cloak', 'emot', 'numb', 'shield', 'storm', 'life', 'turbul']",0.0,Neutral
248,252," Dancing through life with the exuberance of a carefree spirit, embracing joy and zest at every turn. ", Zest ,2018-07-12 17:45:00, JoyfulDancer , Twitter , #Zest #CarefreeSpirit ,15.0,30.0, USA ,2018,7,12,17,"['dancing', 'life', 'exuberance', 'carefree', 'spirit', 'embracing', 'joy', 'zest', 'every', 'turn']","['danc', 'life', 'exuber', 'carefre', 'spirit', 'embrac', 'joy', 'zest', 'everi', 'turn']",0.8,Positive
249,253," Basking in the golden glow of contentment, a serene river flowing through the landscape of the heart. ", Contentment ,2020-09-05 20:10:00, SereneBasker , Facebook , #Contentment #GoldenGlow ,18.0,36.0, Australia ,2020,9,5,20,"['basking', 'golden', 'glow', 'contentment', 'serene', 'river', 'flowing', 'landscape', 'heart']","['bask', 'golden', 'glow', 'content', 'seren', 'river', 'flow', 'landscap', 'heart']",0.3,Positive
250,254," Gazing towards the horizon with hopeful eyes, painting a canvas of dreams illuminated by the sun of optimism. ", Hopeful ,2022-04-18 08:00:00, DreamPainter , Instagram , #Hopeful #CanvasOfDreams ,12.0,24.0, India ,2022,4,18,8,"['gazing', 'towards', 'horizon', 'hopeful', 'eyes', 'painting', 'canvas', 'dreams', 'illuminated', 'sun', 'optimism']","['gaze', 'toward', 'horizon', 'hope', 'eye', 'paint', 'canva', 'dream', 'illumin', 'sun', 'optim']",0.0,Neutral
251,255," Standing tall, proud as an oak, the branches of achievement reaching towards the sky of accomplishment. ", Proud ,2019-12-10 12:20:00, OakAchiever , Twitter , #Proud #BranchesOfAchievement ,25.0,50.0, Canada ,2019,12,10,12,"['standing', 'tall', 'proud', 'oak', 'branches', 'achievement', 'reaching', 'towards', 'sky', 'accomplishment']","['stand', 'tall', 'proud', 'oak', 'branch', 'achiev', 'reach', 'toward', 'sky', 'accomplish']",0.8,Positive
252,256," A heart overflowing with gratitude, a garden where appreciation blooms in the soil of kindness and connection. ", Grateful ,2023-02-28 09:45:00, HeartGardener , Facebook , #Grateful #BlossomingConnection ,20.0,40.0, USA ,2023,2,28,9,"['heart', 'overflowing', 'gratitude', 'garden', 'where', 'appreciation', 'blooms', 'soil', 'kindness', 'connection']","['heart', 'overflow', 'gratitud', 'garden', 'where', 'appreci', 'bloom', 'soil', 'kind', 'connect']",0.0,Neutral
253,257," Extending a hand, empathetic threads weaving a tapestry of understanding, embracing the joys and sorrows of others. ", Empathetic ,2018-04-03 14:15:00, ThreadWeaver , Instagram , #Empathetic #TapestryOfUnderstanding ,15.0,30.0, UK ,2018,4,3,14,"['extending', 'hand', 'empathetic', 'threads', 'weaving', 'tapestry', 'understanding', 'embracing', 'joys', 'sorrows', 'others']","['extend', 'hand', 'empathet', 'thread', 'weav', 'tapestri', 'understand', 'embrac', 'joy', 'sorrow', 'other']",0.0,Neutral
254,258," Compassionate clouds, heavy with care, showering empathy on the parched grounds of human suffering. ", Compassionate ,2022-06-20 10:30:00, CloudCaretaker , Twitter , #Compassionate #ShowerOfEmpathy ,18.0,36.0, Australia ,2022,6,20,10,"['compassionate', 'clouds', 'heavy', 'care', 'showering', 'empathy', 'parched', 'grounds', 'human', 'suffering']","['compassion', 'cloud', 'heavi', 'care', 'shower', 'empathi', 'parch', 'ground', 'human', 'suffer']",-0.1,Neutral
255,259," Playfully dancing in the rain of laughter, a whimsical spirit twirling in the puddles of joy and lightheartedness. ", Playful ,2020-07-08 18:00:00, RainDancer , Facebook , #Playful #DanceInTheRain ,22.0,44.0, Canada ,2020,7,8,18,"['playfully', 'dancing', 'rain', 'laughter', 'whimsical', 'spirit', 'twirling', 'puddles', 'joy', 'lightheartedness']","['play', 'danc', 'rain', 'laughter', 'whimsic', 'spirit', 'twirl', 'puddl', 'joy', 'lighthearted']",0.15000000000000002,Positive
256,260," Soaring on the wings of a free spirit, unburdened by the chains of conformity, painting the sky with independence. ", Free-spirited ,2021-08-15 11:10:00, SkyPainter , Instagram , #FreeSpirit #PaintingTheSky ,20.0,40.0, India ,2021,8,15,11,"['soaring', 'wings', 'free', 'spirit', 'unburdened', 'chains', 'conformity', 'painting', 'sky', 'independence']","['soar', 'wing', 'free', 'spirit', 'unburden', 'chain', 'conform', 'paint', 'sky', 'independ']",0.4,Positive
257,261," Bathed in the glow of inspiration, a creative phoenix rising from the ashes of ordinary thoughts to explore new realms. ", Inspired ,2019-10-25 16:50:00, PhoenixExplorer , Twitter , #Inspired #CreativePhoenix ,15.0,30.0, UK ,2019,10,25,16,"['bathed', 'glow', 'inspiration', 'creative', 'phoenix', 'rising', 'ashes', 'ordinary', 'thoughts', 'explore', 'new', 'realms']","['bath', 'glow', 'inspir', 'creativ', 'phoenix', 'rise', 'ash', 'ordinari', 'thought', 'explor', 'new', 'realm']",0.12878787878787878,Positive
258,262," Navigating the sea of hope, sailing towards the sunrise of possibilities, confident in the ship of positive anticipation. ", Hopeful ,2023-10-05 07:30:00, SunriseNavigator , Facebook , #Hopeful #SunriseOfPossibilities ,12.0,24.0, USA ,2023,10,5,7,"['navigating', 'sea', 'hope', 'sailing', 'towards', 'sunrise', 'possibilities', 'confident', 'ship', 'positive', 'anticipation']","['navig', 'sea', 'hope', 'sail', 'toward', 'sunris', 'possibl', 'confid', 'ship', 'posit', 'anticip']",0.36363636363636365,Positive
259,263," Striding with confidence, footprints of self-assuredness imprinted on the sands of challenges conquered and victories claimed. ", Confident ,2022-02-15 13:15:00, SandStrider , Instagram , #Confident #FootprintsOfAssuredness ,25.0,50.0, Australia ,2022,2,15,13,"['striding', 'confidence', 'footprints', 'self', 'assuredness', 'imprinted', 'sands', 'challenges', 'conquered', 'victories', 'claimed']","['stride', 'confid', 'footprint', 'self', 'assured', 'imprint', 'sand', 'challeng', 'conquer', 'victori', 'claim']",0.0,Neutral
260,264," Lost in the symphony of the night, a moonlit serenade that whispers tales of wanderlust and moonlit dreams. ", Serenity ,2021-05-08 22:00:00, NightSerenader , Twitter , #Serenity #MoonlitSerenade ,13.0,26.0, Canada ,2021,5,8,22,"['lost', 'symphony', 'night', 'moonlit', 'serenade', 'whispers', 'tales', 'wanderlust', 'moonlit', 'dreams']","['lost', 'symphoni', 'night', 'moonlit', 'serenad', 'whisper', 'tale', 'wanderlust', 'moonlit', 'dream']",0.0,Neutral
261,265," Unveiling the layers of curiosity, a labyrinth of questions leading to the treasure troves of undiscovered knowledge. ", Curiosity ,2020-11-29 14:45:00, KnowledgeSeeker , Instagram , #Curiosity #LabyrinthOfQuestions ,17.0,34.0, USA ,2020,11,29,14,"['unveiling', 'layers', 'curiosity', 'labyrinth', 'questions', 'leading', 'treasure', 'troves', 'undiscovered', 'knowledge']","['unveil', 'layer', 'curios', 'labyrinth', 'question', 'lead', 'treasur', 'trove', 'undiscov', 'knowledg']",0.0,Neutral
262,266," In the embrace of the autumn breeze, leaves of ambivalence dancing in a waltz between choices and uncertainties. ", Ambivalence ,2019-09-14 10:20:00, BreezeWaltzer , Facebook , #Ambivalence #AutumnWaltz ,14.0,28.0, UK ,2019,9,14,10,"['embrace', 'autumn', 'breeze', 'leaves', 'ambivalence', 'dancing', 'waltz', 'choices', 'uncertainties']","['embrac', 'autumn', 'breez', 'leav', 'ambival', 'danc', 'waltz', 'choic', 'uncertainti']",0.0,Neutral
263,267," Gratitude as a guiding star, navigating the constellation of blessings in the vast universe of life's precious moments. ", Grateful ,2022-03-12 19:55:00, StarNavigator , Twitter , #Grateful #GuidingStar ,19.0,38.0, Australia ,2022,3,12,19,"['gratitude', 'guiding', 'star', 'navigating', 'constellation', 'blessings', 'vast', 'universe', 'life', 'precious', 'moments']","['gratitud', 'guid', 'star', 'navig', 'constel', 'bless', 'vast', 'univers', 'life', 'preciou', 'moment']",0.25,Positive
264,268," With a zestful heart, sprinting through fields of enthusiasm, chasing sunbeams and laughter in the meadows of joy. ", Zest ,2023-03-30 16:30:00, MeadowSprinter , Instagram , #Zest #FieldsOfEnthusiasm ,16.0,32.0, India ,2023,3,30,16,"['zestful', 'heart', 'sprinting', 'fields', 'enthusiasm', 'chasing', 'sunbeams', 'laughter', 'meadows', 'joy']","['zest', 'heart', 'sprint', 'field', 'enthusiasm', 'chase', 'sunbeam', 'laughter', 'meadow', 'joy']",0.8,Positive
265,269," A compassionate rain, tears of empathy falling gently, nurturing the seeds of kindness in the garden of human connections. ", Compassionate ,2021-07-01 12:10:00, RainNurturer , Facebook , #Compassionate #TearsOfEmpathy ,21.0,42.0, Canada ,2021,7,1,12,"['compassionate', 'rain', 'tears', 'empathy', 'falling', 'gently', 'nurturing', 'seeds', 'kindness', 'garden', 'human', 'connections']","['compassion', 'rain', 'tear', 'empathi', 'fall', 'gentli', 'nurtur', 'seed', 'kind', 'garden', 'human', 'connect']",0.1,Neutral
266,270," Proudly scaling the peaks of achievement, a mountaineer conquering challenges and planting the flag of success. ", Proud ,2020-01-05 08:45:00, PeakConqueror , Twitter , #Proud #ScalingPeaks ,23.0,46.0, USA ,2020,1,5,8,"['proudly', 'scaling', 'peaks', 'achievement', 'mountaineer', 'conquering', 'challenges', 'planting', 'flag', 'success']","['proudli', 'scale', 'peak', 'achiev', 'mountain', 'conquer', 'challeng', 'plant', 'flag', 'success']",0.55,Positive
267,271," Embraced by the hopeful dawn, a gardener sowing seeds of optimism, tending to the blooms of a brighter tomorrow. ", Hopeful ,2022-07-17 06:15:00, DawnGardener , Instagram , #Hopeful #SeedsOfOptimism ,14.0,28.0, UK ,2022,7,17,6,"['embraced', 'hopeful', 'dawn', 'gardener', 'sowing', 'seeds', 'optimism', 'tending', 'blooms', 'brighter', 'tomorrow']","['embrac', 'hope', 'dawn', 'garden', 'sow', 'seed', 'optim', 'tend', 'bloom', 'brighter', 'tomorrow']",0.0,Neutral
268,272," A playful escapade in the carnival of life, carousel laughter and cotton candy dreams swirling in the joyous atmosphere. ", Playful ,2018-08-22 17:20:00, CarnivalDreamer , Facebook , #Playful #CarnivalEscapade ,24.0,48.0, Australia ,2018,8,22,17,"['playful', 'escapade', 'carnival', 'life', 'carousel', 'laughter', 'cotton', 'candy', 'dreams', 'swirling', 'joyous', 'atmosphere']","['play', 'escapad', 'carniv', 'life', 'carousel', 'laughter', 'cotton', 'candi', 'dream', 'swirl', 'joyou', 'atmospher']",0.0,Neutral
269,273," Floating on clouds of inspiration, an artist painting the sky with strokes of creativity, creating a masterpiece of dreams. ", Inspired ,2021-12-08 14:30:00, SkyArtist , Twitter , #Inspired #CloudsOfCreativity ,18.0,36.0, India ,2021,12,8,14,"['floating', 'clouds', 'inspiration', 'artist', 'painting', 'sky', 'strokes', 'creativity', 'creating', 'masterpiece', 'dreams']","['float', 'cloud', 'inspir', 'artist', 'paint', 'sky', 'stroke', 'creativ', 'creat', 'masterpiec', 'dream']",0.0,Neutral
270,274," Navigating the river of contentment, a serene boat cruise through the tranquil waters of inner peace and acceptance. ", Contentment ,2019-04-27 09:50:00, RiverNavigator , Instagram , #Contentment #TranquilWaters ,20.0,40.0, Canada ,2019,4,27,9,"['navigating', 'river', 'contentment', 'serene', 'boat', 'cruise', 'tranquil', 'waters', 'inner', 'peace', 'acceptance']","['navig', 'river', 'content', 'seren', 'boat', 'cruis', 'tranquil', 'water', 'inner', 'peac', 'accept']",0.0,Neutral
271,275," With empathy as a lantern, wandering through the dark alleys of sorrow, illuminating the path with compassion and care. ", Empathetic ,2023-09-03 21:40:00, LanternWanderer , Facebook , #Empathetic #LanternOfCompassion ,16.0,32.0, USA ,2023,9,3,21,"['empathy', 'lantern', 'wandering', 'dark', 'alleys', 'sorrow', 'illuminating', 'path', 'compassion', 'care']","['empathi', 'lantern', 'wander', 'dark', 'alley', 'sorrow', 'illumin', 'path', 'compass', 'care']",-0.15,Negative
272,276," A free spirit soaring on the wings of dreams, leaving trails of independence in the azure sky of boundless possibilities. ", Free-spirited ,2020-06-10 10:05:00, DreamSoarer , Twitter , #FreeSpirit #WingsOfDreams ,22.0,44.0, UK ,2020,6,10,10,"['free', 'spirit', 'soaring', 'wings', 'dreams', 'leaving', 'trails', 'independence', 'azure', 'sky', 'boundless', 'possibilities']","['free', 'spirit', 'soar', 'wing', 'dream', 'leav', 'trail', 'independ', 'azur', 'sky', 'boundless', 'possibl']",0.1,Neutral
273,277," Bathed in the golden hues of gratefulness, a sunset of appreciation casting its warm glow on the landscapes of the heart. ", Grateful ,2022-04-01 18:30:00, SunsetAdmirer , Instagram , #Grateful #GoldenHues ,19.0,38.0, Australia ,2022,4,1,18,"['bathed', 'golden', 'hues', 'gratefulness', 'sunset', 'appreciation', 'casting', 'warm', 'glow', 'landscapes', 'heart']","['bath', 'golden', 'hue', 'grate', 'sunset', 'appreci', 'cast', 'warm', 'glow', 'landscap', 'heart']",0.44999999999999996,Positive
274,278," Confident strides in the dance of life, a ballroom where self-assuredness leads, twirling through challenges with grace. ", Confident ,2021-01-15 13:00:00, DanceStrider , Facebook , #Confident #DanceOfLife ,23.0,46.0, Canada ,2021,1,15,13,"['confident', 'strides', 'dance', 'life', 'ballroom', 'where', 'self', 'assuredness', 'leads', 'twirling', 'challenges', 'grace']","['confid', 'stride', 'danc', 'life', 'ballroom', 'where', 'self', 'assured', 'lead', 'twirl', 'challeng', 'grace']",0.5,Positive
275,279," Hopeful whispers of wind, carrying the promises of a brighter tomorrow, a symphony of optimism in the air of possibilities. ", Hopeful ,2023-05-06 07:20:00, WindWhisperer , Twitter , #Hopeful #BrighterTomorrows ,15.0,30.0, India ,2023,5,6,7,"['hopeful', 'whispers', 'wind', 'carrying', 'promises', 'brighter', 'tomorrow', 'symphony', 'optimism', 'air', 'possibilities']","['hope', 'whisper', 'wind', 'carri', 'promis', 'brighter', 'tomorrow', 'symphoni', 'optim', 'air', 'possibl']",0.0,Neutral
276,280," Playfully juggling responsibilities, a circus performer balancing the acts of work and joy, tossing laughter into the air. ", Playful ,2019-11-18 15:15:00, JugglingArtist , Instagram , #Playful #JugglingResponsibilities ,25.0,50.0, USA ,2019,11,18,15,"['playfully', 'juggling', 'responsibilities', 'circus', 'performer', 'balancing', 'acts', 'work', 'joy', 'tossing', 'laughter', 'air']","['play', 'juggl', 'respons', 'circu', 'perform', 'balanc', 'act', 'work', 'joy', 'toss', 'laughter', 'air']",0.8,Positive
277,281," Whispering tales of inspiration to the stars, a storyteller crafting constellations from the threads of imagination. ", Inspired ,2020-08-29 20:45:00, StarStoryteller , Facebook , #Inspired #TalesToTheStars ,14.0,28.0, UK ,2020,8,29,20,"['whispering', 'tales', 'inspiration', 'stars', 'storyteller', 'crafting', 'constellations', 'threads', 'imagination']","['whisper', 'tale', 'inspir', 'star', 'storytel', 'craft', 'constel', 'thread', 'imagin']",0.0,Neutral
278,282," Charting a course through the waves of hopeful anticipation, a sailor steering towards the shores of dreams yet unexplored. ", Hopeful ,2022-10-30 11:40:00, WaveNavigator , Twitter , #Hopeful #SailorOfDreams ,17.0,34.0, Australia ,2022,10,30,11,"['charting', 'course', 'waves', 'hopeful', 'anticipation', 'sailor', 'steering', 'towards', 'shores', 'dreams', 'yet', 'unexplored']","['chart', 'cours', 'wave', 'hope', 'anticip', 'sailor', 'steer', 'toward', 'shore', 'dream', 'yet', 'unexplor']",0.0,Neutral
279,283," A compassionate rain, tears of empathy falling gently, nurturing the seeds of kindness in the garden of human connections. ", Compassionate ,2021-07-01 12:10:00, RainNurturer , Instagram , #Compassionate #TearsOfEmpathy ,21.0,42.0, Canada ,2021,7,1,12,"['compassionate', 'rain', 'tears', 'empathy', 'falling', 'gently', 'nurturing', 'seeds', 'kindness', 'garden', 'human', 'connections']","['compassion', 'rain', 'tear', 'empathi', 'fall', 'gentli', 'nurtur', 'seed', 'kind', 'garden', 'human', 'connect']",0.1,Neutral
280,284," Proudly scaling the peaks of achievement, a mountaineer conquering challenges and planting the flag of success. ", Proud ,2020-01-05 08:45:00, PeakConqueror , Twitter , #Proud #ScalingPeaks ,23.0,46.0, USA ,2020,1,5,8,"['proudly', 'scaling', 'peaks', 'achievement', 'mountaineer', 'conquering', 'challenges', 'planting', 'flag', 'success']","['proudli', 'scale', 'peak', 'achiev', 'mountain', 'conquer', 'challeng', 'plant', 'flag', 'success']",0.55,Positive
281,285," Embraced by the hopeful dawn, a gardener sowing seeds of optimism, tending to the blooms of a brighter tomorrow. ", Hopeful ,2022-07-17 06:15:00, DawnGardener , Instagram , #Hopeful #SeedsOfOptimism ,14.0,28.0, UK ,2022,7,17,6,"['embraced', 'hopeful', 'dawn', 'gardener', 'sowing', 'seeds', 'optimism', 'tending', 'blooms', 'brighter', 'tomorrow']","['embrac', 'hope', 'dawn', 'garden', 'sow', 'seed', 'optim', 'tend', 'bloom', 'brighter', 'tomorrow']",0.0,Neutral
282,286," A playful escapade in the carnival of life, carousel laughter and cotton candy dreams swirling in the joyous atmosphere. ", Playful ,2018-08-22 17:20:00, CarnivalDreamer , Facebook , #Playful #CarnivalEscapade ,24.0,48.0, Australia ,2018,8,22,17,"['playful', 'escapade', 'carnival', 'life', 'carousel', 'laughter', 'cotton', 'candy', 'dreams', 'swirling', 'joyous', 'atmosphere']","['play', 'escapad', 'carniv', 'life', 'carousel', 'laughter', 'cotton', 'candi', 'dream', 'swirl', 'joyou', 'atmospher']",0.0,Neutral
283,287," Floating on clouds of inspiration, an artist painting the sky with strokes of creativity, creating a masterpiece of dreams. ", Inspired ,2021-12-08 14:30:00, SkyArtist , Twitter , #Inspired #CloudsOfCreativity ,18.0,36.0, India ,2021,12,8,14,"['floating', 'clouds', 'inspiration', 'artist', 'painting', 'sky', 'strokes', 'creativity', 'creating', 'masterpiece', 'dreams']","['float', 'cloud', 'inspir', 'artist', 'paint', 'sky', 'stroke', 'creativ', 'creat', 'masterpiec', 'dream']",0.0,Neutral
284,288," Navigating the river of contentment, a serene boat cruise through the tranquil waters of inner peace and acceptance. ", Contentment ,2019-04-27 09:50:00, RiverNavigator , Instagram , #Contentment #TranquilWaters ,20.0,40.0, Canada ,2019,4,27,9,"['navigating', 'river', 'contentment', 'serene', 'boat', 'cruise', 'tranquil', 'waters', 'inner', 'peace', 'acceptance']","['navig', 'river', 'content', 'seren', 'boat', 'cruis', 'tranquil', 'water', 'inner', 'peac', 'accept']",0.0,Neutral
285,289," With empathy as a lantern, wandering through the dark alleys of sorrow, illuminating the path with compassion and care. ", Empathetic ,2023-09-03 21:40:00, LanternWanderer , Facebook , #Empathetic #LanternOfCompassion ,16.0,32.0, USA ,2023,9,3,21,"['empathy', 'lantern', 'wandering', 'dark', 'alleys', 'sorrow', 'illuminating', 'path', 'compassion', 'care']","['empathi', 'lantern', 'wander', 'dark', 'alley', 'sorrow', 'illumin', 'path', 'compass', 'care']",-0.15,Negative
286,290," A free spirit soaring on the wings of dreams, leaving trails of independence in the azure sky of boundless possibilities. ", Free-spirited ,2020-06-10 10:05:00, DreamSoarer , Twitter , #FreeSpirit #WingsOfDreams ,22.0,44.0, UK ,2020,6,10,10,"['free', 'spirit', 'soaring', 'wings', 'dreams', 'leaving', 'trails', 'independence', 'azure', 'sky', 'boundless', 'possibilities']","['free', 'spirit', 'soar', 'wing', 'dream', 'leav', 'trail', 'independ', 'azur', 'sky', 'boundless', 'possibl']",0.1,Neutral
287,291," Bathed in the golden hues of gratefulness, a sunset of appreciation casting its warm glow on the landscapes of the heart. ", Grateful ,2022-04-01 18:30:00, SunsetAdmirer , Instagram , #Grateful #GoldenHues ,19.0,38.0, Australia ,2022,4,1,18,"['bathed', 'golden', 'hues', 'gratefulness', 'sunset', 'appreciation', 'casting', 'warm', 'glow', 'landscapes', 'heart']","['bath', 'golden', 'hue', 'grate', 'sunset', 'appreci', 'cast', 'warm', 'glow', 'landscap', 'heart']",0.44999999999999996,Positive
288,292," Confident strides in the dance of life, a ballroom where self-assuredness leads, twirling through challenges with grace. ", Confident ,2021-01-15 13:00:00, DanceStrider , Facebook , #Confident #DanceOfLife ,23.0,46.0, Canada ,2021,1,15,13,"['confident', 'strides', 'dance', 'life', 'ballroom', 'where', 'self', 'assuredness', 'leads', 'twirling', 'challenges', 'grace']","['confid', 'stride', 'danc', 'life', 'ballroom', 'where', 'self', 'assured', 'lead', 'twirl', 'challeng', 'grace']",0.5,Positive
289,293," Hopeful whispers of wind, carrying the promises of a brighter tomorrow, a symphony of optimism in the air of possibilities. ", Hopeful ,2023-05-06 07:20:00, WindWhisperer , Twitter , #Hopeful #BrighterTomorrows ,15.0,30.0, India ,2023,5,6,7,"['hopeful', 'whispers', 'wind', 'carrying', 'promises', 'brighter', 'tomorrow', 'symphony', 'optimism', 'air', 'possibilities']","['hope', 'whisper', 'wind', 'carri', 'promis', 'brighter', 'tomorrow', 'symphoni', 'optim', 'air', 'possibl']",0.0,Neutral
290,294," Playfully juggling responsibilities, a circus performer balancing the acts of work and joy, tossing laughter into the air. ", Playful ,2019-11-18 15:15:00, JugglingArtist , Instagram , #Playful #JugglingResponsibilities ,25.0,50.0, USA ,2019,11,18,15,"['playfully', 'juggling', 'responsibilities', 'circus', 'performer', 'balancing', 'acts', 'work', 'joy', 'tossing', 'laughter', 'air']","['play', 'juggl', 'respons', 'circu', 'perform', 'balanc', 'act', 'work', 'joy', 'toss', 'laughter', 'air']",0.8,Positive
291,295," Whispering tales of inspiration to the stars, a storyteller crafting constellations from the threads of imagination. ", Inspired ,2020-08-29 20:45:00, StarStoryteller , Facebook , #Inspired #TalesToTheStars ,14.0,28.0, UK ,2020,8,29,20,"['whispering', 'tales', 'inspiration', 'stars', 'storyteller', 'crafting', 'constellations', 'threads', 'imagination']","['whisper', 'tale', 'inspir', 'star', 'storytel', 'craft', 'constel', 'thread', 'imagin']",0.0,Neutral
292,296," Charting a course through the waves of hopeful anticipation, a sailor steering towards the shores of dreams yet unexplored. ", Hopeful ,2022-10-30 11:40:00, WaveNavigator , Twitter , #Hopeful #SailorOfDreams ,17.0,34.0, Australia ,2022,10,30,11,"['charting', 'course', 'waves', 'hopeful', 'anticipation', 'sailor', 'steering', 'towards', 'shores', 'dreams', 'yet', 'unexplored']","['chart', 'cours', 'wave', 'hope', 'anticip', 'sailor', 'steer', 'toward', 'shore', 'dream', 'yet', 'unexplor']",0.0,Neutral
293,297," A compassionate rain, tears of empathy falling gently, nurturing the seeds of kindness in the garden of human connections. ", Compassionate ,2021-07-01 12:10:00, RainNurturer , Instagram , #Compassionate #TearsOfEmpathy ,21.0,42.0, Canada ,2021,7,1,12,"['compassionate', 'rain', 'tears', 'empathy', 'falling', 'gently', 'nurturing', 'seeds', 'kindness', 'garden', 'human', 'connections']","['compassion', 'rain', 'tear', 'empathi', 'fall', 'gentli', 'nurtur', 'seed', 'kind', 'garden', 'human', 'connect']",0.1,Neutral
294,298," Proudly scaling the peaks of achievement, a mountaineer conquering challenges and planting the flag of success. ", Proud ,2020-01-05 08:45:00, PeakConqueror , Twitter , #Proud #ScalingPeaks ,23.0,46.0, USA ,2020,1,5,8,"['proudly', 'scaling', 'peaks', 'achievement', 'mountaineer', 'conquering', 'challenges', 'planting', 'flag', 'success']","['proudli', 'scale', 'peak', 'achiev', 'mountain', 'conquer', 'challeng', 'plant', 'flag', 'success']",0.55,Positive
295,299," Embraced by the hopeful dawn, a gardener sowing seeds of optimism, tending to the blooms of a brighter tomorrow. ", Hopeful ,2022-07-17 06:15:00, DawnGardener , Instagram , #Hopeful #SeedsOfOptimism ,14.0,28.0, India ,2022,7,17,6,"['embraced', 'hopeful', 'dawn', 'gardener', 'sowing', 'seeds', 'optimism', 'tending', 'blooms', 'brighter', 'tomorrow']","['embrac', 'hope', 'dawn', 'garden', 'sow', 'seed', 'optim', 'tend', 'bloom', 'brighter', 'tomorrow']",0.0,Neutral
296,300," A playful escapade in the carnival of life, carousel laughter and cotton candy dreams swirling in the joyous atmosphere. ", Playful ,2018-08-22 17:20:00, CarnivalDreamer , Facebook , #Playful #CarnivalEscapade ,24.0,48.0, Australia ,2018,8,22,17,"['playful', 'escapade', 'carnival', 'life', 'carousel', 'laughter', 'cotton', 'candy', 'dreams', 'swirling', 'joyous', 'atmosphere']","['play', 'escapad', 'carniv', 'life', 'carousel', 'laughter', 'cotton', 'candi', 'dream', 'swirl', 'joyou', 'atmospher']",0.0,Neutral
297,301," Drowning in the abyss of despair, a heart shattered into fragments, lost in the echoing silence of hopelessness. ", Despair ,2021-09-15 16:00:00, ShatteredHeart , Instagram , #Despair #EchoingSilence ,8.0,16.0, Canada ,2021,9,15,16,"['drowning', 'abyss', 'despair', 'heart', 'shattered', 'fragments', 'lost', 'echoing', 'silence', 'hopelessness']","['drown', 'abyss', 'despair', 'heart', 'shatter', 'fragment', 'lost', 'echo', 'silenc', 'hopeless']",0.0,Neutral
298,302," Bitterness festering like a venomous vine, entwining the soul in a web of resentment, poisoning the garden of peace. ", Bitterness ,2019-03-08 14:20:00, VenomousSoul , Facebook , #Bitterness #ResentmentWeb ,12.0,24.0, UK ,2019,3,8,14,"['bitterness', 'festering', 'like', 'venomous', 'vine', 'entwining', 'soul', 'web', 'resentment', 'poisoning', 'garden', 'peace']","['bitter', 'fester', 'like', 'venom', 'vine', 'entwin', 'soul', 'web', 'resent', 'poison', 'garden', 'peac']",0.0,Neutral
299,303," Wandering through the desert of loneliness, each step a heavy sigh, mirages of connection shimmering but never materializing. ", Loneliness ,2017-07-20 11:45:00, DesertWanderer , Twitter , #Loneliness #MiragesOfConnection ,15.0,30.0, USA ,2017,7,20,11,"['wandering', 'desert', 'loneliness', 'step', 'heavy', 'sigh', 'mirages', 'connection', 'shimmering', 'never', 'materializing']","['wander', 'desert', 'loneli', 'step', 'heavi', 'sigh', 'mirag', 'connect', 'shimmer', 'never', 'materi']",-0.2,Negative
300,304," Yearning for a touch that's not there, echoes of a distant warmth haunting the heart in the cold embrace of solitude. ", Yearning ,2020-11-02 19:30:00, ColdEmbrace , Instagram , #Yearning #DistantWarmth ,10.0,20.0, Australia ,2020,11,2,19,"['yearning', 'touch', 'echoes', 'distant', 'warmth', 'haunting', 'heart', 'cold', 'embrace', 'solitude']","['yearn', 'touch', 'echo', 'distant', 'warmth', 'haunt', 'heart', 'cold', 'embrac', 'solitud']",-0.35,Negative
301,305," Eyes wide open in the night, fearful shadows dancing on the walls, the mind a prisoner of imagined horrors. ", Fearful ,2022-05-12 02:00:00, NightPrisoner , Facebook , #Fearful #ImaginedHorrors ,18.0,36.0, India ,2022,5,12,2,"['eyes', 'wide', 'open', 'night', 'fearful', 'shadows', 'dancing', 'walls', 'mind', 'prisoner', 'imagined', 'horrors']","['eye', 'wide', 'open', 'night', 'fear', 'shadow', 'danc', 'wall', 'mind', 'prison', 'imagin', 'horror']",-0.3333333333333333,Negative
302,306," Apprehensive steps on the tightrope of uncertainty, a balancing act where the fall seems inevitable, anxiety a constant companion. ", Apprehensive ,2023-04-08 13:15:00, TightropeWalker , Twitter , #Apprehensive #BalancingAct ,14.0,28.0, UK ,2023,4,8,13,"['apprehensive', 'steps', 'tightrope', 'uncertainty', 'balancing', 'act', 'where', 'fall', 'seems', 'inevitable', 'anxiety', 'constant', 'companion']","['apprehens', 'step', 'tightrop', 'uncertainti', 'balanc', 'act', 'where', 'fall', 'seem', 'inevit', 'anxieti', 'constant', 'companion']",0.0,Neutral
303,307," Overwhelmed by the weight of the world, Atlas with trembling shoulders, each responsibility a boulder in the landscape of exhaustion. ", Overwhelmed ,2021-06-25 17:50:00, AtlasBearer , Instagram , #Overwhelmed #BouldersOfExhaustion ,22.0,44.0, Canada ,2021,6,25,17,"['overwhelmed', 'weight', 'world', 'atlas', 'trembling', 'shoulders', 'responsibility', 'boulder', 'landscape', 'exhaustion']","['overwhelm', 'weight', 'world', 'atla', 'trembl', 'shoulder', 'respons', 'boulder', 'landscap', 'exhaust']",0.0,Neutral
304,308," Jealousy, a green-eyed monster, lurking in the shadows, casting a dark cloud over the sunshine of others' success. ", Jealous ,2019-08-30 10:10:00, GreenMonster , Facebook , #Jealous #GreenEyedMonster ,16.0,32.0, USA ,2019,8,30,10,"['jealousy', 'green', 'eyed', 'monster', 'lurking', 'shadows', 'casting', 'dark', 'cloud', 'sunshine', 'others', 'success']","['jealousi', 'green', 'eye', 'monster', 'lurk', 'shadow', 'cast', 'dark', 'cloud', 'sunshin', 'other', 'success']",0.075,Neutral
305,309," Devastated by the storm of betrayal, the wreckage of trust scattered like debris, a heart torn by the winds of broken promises. ", Devastated ,2022-08-03 15:30:00, StormSurvivor , Twitter , #Devastated #WindsOfBrokenPromises ,25.0,50.0, Australia ,2022,8,3,15,"['devastated', 'storm', 'betrayal', 'wreckage', 'trust', 'scattered', 'like', 'debris', 'heart', 'torn', 'winds', 'broken', 'promises']","['devast', 'storm', 'betray', 'wreckag', 'trust', 'scatter', 'like', 'debri', 'heart', 'torn', 'wind', 'broken', 'promis']",-0.4,Negative
306,310," Frustrated fingers tapping on the keyboard, a symphony of annoyance composing an unsolvable puzzle of unmet expectations. ", Frustrated ,2020-12-17 09:20:00, PuzzleComposer , Instagram , #Frustrated #UnsolvablePuzzle ,12.0,24.0, India ,2020,12,17,9,"['frustrated', 'fingers', 'tapping', 'keyboard', 'symphony', 'annoyance', 'composing', 'unsolvable', 'puzzle', 'unmet', 'expectations']","['frustrat', 'finger', 'tap', 'keyboard', 'symphoni', 'annoy', 'compos', 'unsolv', 'puzzl', 'unmet', 'expect']",-0.7,Negative
307,311," Envious eyes fixated on the gilded prize, a heartache fueled by the painful desire for possessions that seem forever out of reach. ", Envious ,2021-02-28 22:45:00, GildedHeartache , Facebook , #Envious #GildedPrize ,20.0,40.0, USA ,2021,2,28,22,"['envious', 'eyes', 'fixated', 'gilded', 'prize', 'heartache', 'fueled', 'painful', 'desire', 'possessions', 'seem', 'forever', 'reach']","['enviou', 'eye', 'fixat', 'gild', 'prize', 'heartach', 'fuel', 'pain', 'desir', 'possess', 'seem', 'forev', 'reach']",-0.7,Negative
308,312," Dismissive glances, a fortress built with indifference, walls impenetrable to the pleas of understanding and recognition. ", Dismissive ,2018-05-10 14:00:00, IndifferentFort , Twitter , #Dismissive #ImpenetrableWalls ,14.0,28.0, UK ,2018,5,10,14,"['dismissive', 'glances', 'fortress', 'built', 'indifference', 'walls', 'impenetrable', 'pleas', 'understanding', 'recognition']","['dismiss', 'glanc', 'fortress', 'built', 'indiffer', 'wall', 'impenetr', 'plea', 'understand', 'recognit']",0.0,Neutral
309,313," Shattered dreams lie on the floor like fragments of glass, a mosaic of disappointment crafted by the hands of frustration. ", Frustrated ,2022-01-07 11:10:00, DreamMosaic , Instagram , #Frustrated #MosaicOfDisappointment ,15.0,30.0, Canada ,2022,1,7,11,"['shattered', 'dreams', 'lie', 'floor', 'like', 'fragments', 'glass', 'mosaic', 'disappointment', 'crafted', 'hands', 'frustration']","['shatter', 'dream', 'lie', 'floor', 'like', 'fragment', 'glass', 'mosaic', 'disappoint', 'craft', 'hand', 'frustrat']",-0.6,Negative
310,314," Loneliness, a silent companion in the night, the only echo in the chamber of solitude, a heart's solitary nocturne. ", Loneliness ,2019-09-19 03:30:00, NocturnalEcho , Facebook , #Loneliness #SolitaryNocturne ,18.0,36.0, Australia ,2019,9,19,3,"['loneliness', 'silent', 'companion', 'night', 'echo', 'chamber', 'solitude', 'heart', 'solitary', 'nocturne']","['loneli', 'silent', 'companion', 'night', 'echo', 'chamber', 'solitud', 'heart', 'solitari', 'nocturn']",0.0,Neutral
311,315," Fearful whispers in the dark, the mind haunted by the specter of the unknown, shadows dancing to the rhythm of anxiety's tune. ", Fearful ,2023-07-14 23:00:00, DarkWhispers , Twitter , #Fearful #SpecterOfTheUnknown ,13.0,26.0, UK ,2023,7,14,23,"['fearful', 'whispers', 'dark', 'mind', 'haunted', 'specter', 'unknown', 'shadows', 'dancing', 'rhythm', 'anxiety', 'tune']","['fear', 'whisper', 'dark', 'mind', 'haunt', 'specter', 'unknown', 'shadow', 'danc', 'rhythm', 'anxieti', 'tune']",-0.38333333333333336,Negative
312,316," Bitterness, a bitter aftertaste lingering on the tongue, each word a reminder of wounds that refuse to heal with the passing of time. ", Bitterness ,2020-04-05 16:20:00, LingeringTaste , Instagram , #Bitterness #BitterAftertaste ,10.0,20.0, India ,2020,4,5,16,"['bitterness', 'bitter', 'aftertaste', 'lingering', 'tongue', 'word', 'reminder', 'wounds', 'refuse', 'heal', 'passing', 'time']","['bitter', 'bitter', 'aftertast', 'linger', 'tongu', 'word', 'remind', 'wound', 'refus', 'heal', 'pass', 'time']",-0.1,Neutral
313,317," Overwhelmed by the cacophony of expectations, a drowning soul in the tempest of pressure, struggling to stay afloat. ", Overwhelmed ,2021-11-29 08:45:00, TempestSurvivor , Facebook , #Overwhelmed #DrowningSoul ,20.0,40.0, USA ,2021,11,29,8,"['overwhelmed', 'cacophony', 'expectations', 'drowning', 'soul', 'tempest', 'pressure', 'struggling', 'stay', 'afloat']","['overwhelm', 'cacophoni', 'expect', 'drown', 'soul', 'tempest', 'pressur', 'struggl', 'stay', 'afloat']",0.0,Neutral
314,318," Jealousy, a venom that seeps through the veins, poisoning the heart and turning it into a breeding ground for discontent. ", Jealous ,2019-12-12 17:00:00, VenomousHeart , Twitter , #Jealous #HeartOfDiscontent ,16.0,32.0, Australia ,2019,12,12,17,"['jealousy', 'venom', 'seeps', 'veins', 'poisoning', 'heart', 'turning', 'breeding', 'ground', 'discontent']","['jealousi', 'venom', 'seep', 'vein', 'poison', 'heart', 'turn', 'breed', 'ground', 'discont']",0.0,Neutral
315,319," Devastated by the revelation of betrayal, the trust shattered like fragile glass, leaving shards of pain in its wake. ", Devastated ,2022-05-20 14:50:00, FragileTrust , Instagram , #Devastated #ShatteredTrust ,25.0,50.0, Canada ,2022,5,20,14,"['devastated', 'revelation', 'betrayal', 'trust', 'shattered', 'like', 'fragile', 'glass', 'leaving', 'shards', 'pain', 'wake']","['devast', 'revel', 'betray', 'trust', 'shatter', 'like', 'fragil', 'glass', 'leav', 'shard', 'pain', 'wake']",0.0,Neutral
316,320," Frustrated attempts to mend a broken connection, the threads of understanding slipping through the fingers like grains of sand. ", Frustrated ,2020-09-03 12:15:00, BrokenThreads , Facebook , #Frustrated #SlippingThreads ,14.0,28.0, UK ,2020,9,3,12,"['frustrated', 'attempts', 'mend', 'broken', 'connection', 'threads', 'understanding', 'slipping', 'fingers', 'like', 'grains', 'sand']","['frustrat', 'attempt', 'mend', 'broken', 'connect', 'thread', 'understand', 'slip', 'finger', 'like', 'grain', 'sand']",-0.4000000000000001,Negative
317,321," Envious gazes cast upon the podium of success, a bitter pill swallowed, the taste lingering as a constant reminder of unattained heights. ", Envious ,2021-02-10 19:30:00, SuccessPill , Twitter , #Envious #BitterPill ,20.0,40.0, USA ,2021,2,10,19,"['envious', 'gazes', 'cast', 'upon', 'podium', 'success', 'bitter', 'pill', 'swallowed', 'taste', 'lingering', 'constant', 'reminder', 'unattained', 'heights']","['enviou', 'gaze', 'cast', 'upon', 'podium', 'success', 'bitter', 'pill', 'swallow', 'tast', 'linger', 'constant', 'remind', 'unattain', 'height']",0.06666666666666667,Neutral
318,322," Dismissive gestures, a curtain drawn to shield the vulnerability, a stage where emotions take a backseat to the performance of indifference. ", Dismissive ,2018-08-18 14:40:00, CurtainShield , Instagram , #Dismissive #IndifferencePerformance ,12.0,24.0, Australia ,2018,8,18,14,"['dismissive', 'gestures', 'curtain', 'drawn', 'shield', 'vulnerability', 'stage', 'where', 'emotions', 'take', 'backseat', 'performance', 'indifference']","['dismiss', 'gestur', 'curtain', 'drawn', 'shield', 'vulner', 'stage', 'where', 'emot', 'take', 'backseat', 'perform', 'indiffer']",0.0,Neutral
319,323," Despair like a heavy fog, enveloping every thought, blurring the path ahead, a journey in the labyrinth of utter hopelessness. ", Despair ,2022-02-28 21:00:00, FoggyLabyrinth , Facebook , #Despair #LabyrinthOfHopelessness ,8.0,16.0, Canada ,2022,2,28,21,"['despair', 'like', 'heavy', 'fog', 'enveloping', 'every', 'thought', 'blurring', 'path', 'ahead', 'journey', 'labyrinth', 'utter', 'hopelessness']","['despair', 'like', 'heavi', 'fog', 'envelop', 'everi', 'thought', 'blur', 'path', 'ahead', 'journey', 'labyrinth', 'utter', 'hopeless']",-0.1,Neutral
320,324," Bitterness, a bitter chill in the air, freezing moments into icicles of resentment that dangle precariously over the landscape of memory. ", Bitterness ,2019-10-15 10:30:00, IcyResentment , Twitter , #Bitterness #IciclesOfResentment ,15.0,30.0, UK ,2019,10,15,10,"['bitterness', 'bitter', 'chill', 'air', 'freezing', 'moments', 'icicles', 'resentment', 'dangle', 'precariously', 'landscape', 'memory']","['bitter', 'bitter', 'chill', 'air', 'freez', 'moment', 'icicl', 'resent', 'dangl', 'precari', 'landscap', 'memori']",-0.1,Neutral
321,325," Loneliness, a solitary moon in a starless sky, casting a cold glow on the landscape of isolation, where echoes bounce in empty spaces. ", Loneliness ,2017-12-01 18:50:00, SolitaryMoon , Instagram , #Loneliness #StarlessSky ,18.0,36.0, USA ,2017,12,1,18,"['loneliness', 'solitary', 'moon', 'starless', 'sky', 'casting', 'cold', 'glow', 'landscape', 'isolation', 'where', 'echoes', 'bounce', 'empty', 'spaces']","['loneli', 'solitari', 'moon', 'starless', 'sky', 'cast', 'cold', 'glow', 'landscap', 'isol', 'where', 'echo', 'bounc', 'empti', 'space']",-0.35,Negative
322,326," Yearning for the warmth of a vanished sun, a heartache painted in the hues of a sunset that never graced the horizon. ", Yearning ,2020-04-18 16:15:00, VanishedSunset , Facebook , #Yearning #HuesOfSunset ,10.0,20.0, Australia ,2020,4,18,16,"['yearning', 'warmth', 'vanished', 'sun', 'heartache', 'painted', 'hues', 'sunset', 'never', 'graced', 'horizon']","['yearn', 'warmth', 'vanish', 'sun', 'heartach', 'paint', 'hue', 'sunset', 'never', 'grace', 'horizon']",0.0,Neutral
323,327," Fearful eyes scanning the shadows, a prisoner of the night, terrorized by the lurking monsters born from the mind's darkest corners. ", Fearful ,2023-01-07 03:30:00, NightPrisoner , Twitter , #Fearful #LurkingMonsters ,18.0,36.0, India ,2023,1,7,3,"['fearful', 'eyes', 'scanning', 'shadows', 'prisoner', 'night', 'terrorized', 'lurking', 'monsters', 'born', 'mind', 'darkest', 'corners']","['fear', 'eye', 'scan', 'shadow', 'prison', 'night', 'terror', 'lurk', 'monster', 'born', 'mind', 'darkest', 'corner']",-0.9,Negative
324,328," Apprehensive whispers in the wind, a forecast of uncertainty, the mind's weather vane spinning wildly in the storm of doubt. ", Apprehensive ,2021-06-10 10:00:00, WindWhisperer , Instagram , #Apprehensive #StormOfDoubt ,14.0,28.0, Canada ,2021,6,10,10,"['apprehensive', 'whispers', 'wind', 'forecast', 'uncertainty', 'mind', 'weather', 'vane', 'spinning', 'wildly', 'storm', 'doubt']","['apprehens', 'whisper', 'wind', 'forecast', 'uncertainti', 'mind', 'weather', 'vane', 'spin', 'wildli', 'storm', 'doubt']",0.1,Neutral
325,329," Overwhelmed by the maze of expectations, a minotaur of pressure lurking in the labyrinth, waiting to devour the spirit of resilience. ", Overwhelmed ,2020-02-22 15:20:00, MazeExplorer , Facebook , #Overwhelmed #MinotaurOfPressure ,22.0,44.0, USA ,2020,2,22,15,"['overwhelmed', 'maze', 'expectations', 'minotaur', 'pressure', 'lurking', 'labyrinth', 'waiting', 'devour', 'spirit', 'resilience']","['overwhelm', 'maze', 'expect', 'minotaur', 'pressur', 'lurk', 'labyrinth', 'wait', 'devour', 'spirit', 'resili']",0.0,Neutral
326,330," Jealousy, a festering wound, the pain intensifying with each glance at the garden of others' achievements, blooming beyond the fence. ", Jealous ,2018-03-17 14:45:00, WoundedGarden , Twitter , #Jealous #BloomingAchievements ,16.0,32.0, UK ,2018,3,17,14,"['jealousy', 'festering', 'wound', 'pain', 'intensifying', 'glance', 'garden', 'others', 'achievements', 'blooming', 'beyond', 'fence']","['jealousi', 'fester', 'wound', 'pain', 'intensifi', 'glanc', 'garden', 'other', 'achiev', 'bloom', 'beyond', 'fenc']",0.0,Neutral
327,331," Devastated, a heart in ruins, the echoes of shattered dreams reverberating in the chambers, a requiem for what once was whole. ", Devastated ,2022-10-28 11:15:00, RuinedHeart , Instagram , #Devastated #EchoesOfShatteredDreams ,25.0,50.0, Australia ,2022,10,28,11,"['devastated', 'heart', 'ruins', 'echoes', 'shattered', 'dreams', 'reverberating', 'chambers', 'requiem', 'whole']","['devast', 'heart', 'ruin', 'echo', 'shatter', 'dream', 'reverber', 'chamber', 'requiem', 'whole']",0.02500000000000001,Neutral
328,332," Frustrated attempts to untangle the knot of confusion, the threads of understanding slipping further into the labyrinth of miscommunication. ", Frustrated ,2020-11-01 12:30:00, KnotUntangler , Facebook , #Frustrated #LabyrinthOfMiscommunication ,14.0,28.0, India ,2020,11,1,12,"['frustrated', 'attempts', 'untangle', 'knot', 'confusion', 'threads', 'understanding', 'slipping', 'labyrinth', 'miscommunication']","['frustrat', 'attempt', 'untangl', 'knot', 'confus', 'thread', 'understand', 'slip', 'labyrinth', 'miscommun']",-0.26666666666666666,Negative
329,333," Envious eyes locked on the treasure chest of opportunities, a heartache fueled by the desire for keys that seem forever elusive. ", Envious ,2021-01-15 22:10:00, ElusiveKeys , Twitter , #Envious #DesireForKeys ,20.0,40.0, USA ,2021,1,15,22,"['envious', 'eyes', 'locked', 'treasure', 'chest', 'opportunities', 'heartache', 'fueled', 'desire', 'keys', 'seem', 'forever', 'elusive']","['enviou', 'eye', 'lock', 'treasur', 'chest', 'opportun', 'heartach', 'fuel', 'desir', 'key', 'seem', 'forev', 'elus']",0.0,Neutral
330,334," Dismissive gestures, a curtain drawn to shield the vulnerability, a stage where emotions take a backseat to the performance of indifference. ", Dismissive ,2018-08-18 14:00:00, IndifferentFort , Instagram , #Dismissive #IndifferencePerformance ,12.0,24.0, Australia ,2018,8,18,14,"['dismissive', 'gestures', 'curtain', 'drawn', 'shield', 'vulnerability', 'stage', 'where', 'emotions', 'take', 'backseat', 'performance', 'indifference']","['dismiss', 'gestur', 'curtain', 'drawn', 'shield', 'vulner', 'stage', 'where', 'emot', 'take', 'backseat', 'perform', 'indiffer']",0.0,Neutral
331,335," Shattered dreams lie on the floor like fragments of glass, a mosaic of disappointment crafted by the hands of frustration. ", Frustrated ,2022-01-07 11:10:00, DreamMosaic , Twitter , #Frustrated #MosaicOfDisappointment ,15.0,30.0, Canada ,2022,1,7,11,"['shattered', 'dreams', 'lie', 'floor', 'like', 'fragments', 'glass', 'mosaic', 'disappointment', 'crafted', 'hands', 'frustration']","['shatter', 'dream', 'lie', 'floor', 'like', 'fragment', 'glass', 'mosaic', 'disappoint', 'craft', 'hand', 'frustrat']",-0.6,Negative
332,336," Loneliness, a silent companion in the night, the only echo in the chamber of solitude, a heart's solitary nocturne. ", Loneliness ,2019-09-19 03:30:00, NocturnalEcho , Facebook , #Loneliness #SolitaryNocturne ,18.0,36.0, Australia ,2019,9,19,3,"['loneliness', 'silent', 'companion', 'night', 'echo', 'chamber', 'solitude', 'heart', 'solitary', 'nocturne']","['loneli', 'silent', 'companion', 'night', 'echo', 'chamber', 'solitud', 'heart', 'solitari', 'nocturn']",0.0,Neutral
333,337,Awe-struck by the breathtaking sunrise over the mountains.      , Awe           ,2022-04-03 06:15:00, NatureAdmirer  , Instagram , #Awe #BreathtakingSunrise                   ,28.0,55.0, USA               ,2022,4,3,6,"['awe', 'struck', 'breathtaking', 'sunrise', 'mountains']","['awe', 'struck', 'breathtak', 'sunris', 'mountain']",1.0,Positive
334,338,Navigating through the challenges with determination.          , Determination ,2023-10-12 10:30:00, GoalPursuer    , Twitter  , #Determination #Challenges                  ,15.0,30.0, Canada            ,2023,10,12,10,"['navigating', 'challenges', 'determination']","['navig', 'challeng', 'determin']",0.0,Neutral
335,339,Nostalgia hits while flipping through an old photo album.     , Nostalgia      ,2019-06-28 19:00:00, MemoryLane     , Facebook , #Nostalgia #OldMemories                     ,22.0,45.0, UK                ,2019,6,28,19,"['nostalgia', 'hits', 'flipping', 'old', 'photo', 'album']","['nostalgia', 'hit', 'flip', 'old', 'photo', 'album']",0.1,Neutral
336,340,Thrilled to witness the grandeur of a cultural festival.       , Thrill        ,2020-09-15 14:45:00, CultureEnthusiast , Instagram , #Thrill #CulturalCelebration              ,40.0,80.0, India              ,2020,9,15,14,"['thrilled', 'witness', 'grandeur', 'cultural', 'festival']","['thrill', 'wit', 'grandeur', 'cultur', 'festiv']",0.35,Positive
337,341,Calmness found in the rhythm of raindrops on the windowpane.   , Calmness      ,2017-11-08 21:20:00, RainWatcher    , Twitter  , #Calmness #RainyDays                        ,18.0,35.0, Australia          ,2017,11,8,21,"['calmness', 'found', 'rhythm', 'raindrops', 'windowpane']","['calm', 'found', 'rhythm', 'raindrop', 'windowpan']",0.0,Neutral
338,342,Overwhelmed by the support received during a personal challenge., Overwhelmed   ,2021-05-20 17:30:00, PersonalJourney , Facebook , #Overwhelmed #SupportiveCommunity          ,25.0,50.0, USA               ,2021,5,20,17,"['overwhelmed', 'support', 'received', 'personal', 'challenge']","['overwhelm', 'support', 'receiv', 'person', 'challeng']",0.0,Neutral
339,343,Excitement builds as the countdown to a long-awaited vacation begins. , Excitement ,2023-01-10 12:00:00, VacationDreamer , Instagram , #Excitement #VacationCountdown        ,30.0,60.0, France            ,2023,1,10,12,"['excitement', 'builds', 'countdown', 'long', 'awaited', 'vacation', 'begins']","['excit', 'build', 'countdown', 'long', 'await', 'vacat', 'begin']",0.0,Neutral
340,344,"Reflecting on life's journey, grateful for the lessons learned. ", Gratitude   ,2018-12-05 08:45:00, LifeLearner   , Twitter  , #Gratitude #LifeLessons                    ,35.0,70.0, Brazil            ,2018,12,5,8,"['reflecting', 'life', 'journey', 'grateful', 'lessons', 'learned']","['reflect', 'life', 'journey', 'grate', 'lesson', 'learn']",0.0,Neutral
341,345,Bittersweet emotions arise while bidding farewell to a dear friend. , Bittersweet ,2020-03-15 18:30:00, FarewellSender , Instagram , #Bittersweet #Farewell                     ,20.0,40.0, Japan             ,2020,3,15,18,"['bittersweet', 'emotions', 'arise', 'bidding', 'farewell', 'dear', 'friend']","['bittersweet', 'emot', 'aris', 'bid', 'farewel', 'dear', 'friend']",0.0,Neutral
342,346,Curiosity sparked by exploring a mysterious ancient ruin.      , Curiosity     ,2016-08-22 15:10:00, HistoryExplorer , Facebook , #Curiosity #AncientDiscovery          ,18.0,35.0, Greece            ,2016,8,22,15,"['curiosity', 'sparked', 'exploring', 'mysterious', 'ancient', 'ruin']","['curios', 'spark', 'explor', 'mysteri', 'ancient', 'ruin']",0.0,Neutral
343,347,Admiration for the intricate details of a handcrafted masterpiece. , Admiration    ,2019-08-20 16:00:00, CraftEnthusiast , Instagram , #Admiration #HandcraftedArt               ,25.0,50.0, USA               ,2019,8,20,16,"['admiration', 'intricate', 'details', 'handcrafted', 'masterpiece']","['admir', 'intric', 'detail', 'handcraft', 'masterpiec']",0.0,Neutral
344,348,Overjoyed by the warmth of a cozy fireplace on a winter evening.   , Overjoyed     ,2021-12-08 19:30:00, WinterLover     , Twitter  , #Overjoyed #WinterWarmth                  ,18.0,35.0, Canada            ,2021,12,8,19,"['overjoyed', 'warmth', 'cozy', 'fireplace', 'winter', 'evening']","['overjoy', 'warmth', 'cozi', 'fireplac', 'winter', 'even']",-0.19999999999999998,Negative
345,349,Inspiration strikes while observing the colors of a vibrant sunset., Inspiration   ,2020-06-10 20:45:00, SunsetWatcher   , Instagram , #Inspiration #ColorfulSunset             ,30.0,60.0, UK                ,2020,6,10,20,"['inspiration', 'strikes', 'observing', 'colors', 'vibrant', 'sunset']","['inspir', 'strike', 'observ', 'color', 'vibrant', 'sunset']",0.16666666666666666,Positive
346,350,Motivated to achieve fitness goals after an invigorating workout.  , Motivation    ,2022-02-28 07:15:00, FitnessJunkie   , Facebook , #Motivation #FitnessGoals                 ,40.0,80.0, Australia          ,2022,2,28,7,"['motivated', 'achieve', 'fitness', 'goals', 'invigorating', 'workout']","['motiv', 'achiev', 'fit', 'goal', 'invigor', 'workout']",0.0,Neutral
347,351,Gratitude for the simple joys found in a cup of morning coffee.    , Gratitude     ,2017-04-15 08:00:00, CoffeeLover     , Twitter  , #Gratitude #MorningCoffee                 ,22.0,45.0, India             ,2017,4,15,8,"['gratitude', 'simple', 'joys', 'found', 'cup', 'morning', 'coffee']","['gratitud', 'simpl', 'joy', 'found', 'cup', 'morn', 'coffe']",0.0,Neutral
348,352,Feeling empowered after conquering a challenging hiking trail.     , Empowerment   ,2018-09-05 14:20:00, HikingExplorer  , Instagram , #Empowerment #HikingAdventure             ,35.0,70.0, USA               ,2018,9,5,14,"['feeling', 'empowered', 'conquering', 'challenging', 'hiking', 'trail']","['feel', 'empow', 'conquer', 'challeng', 'hike', 'trail']",0.5,Positive
349,353,Amused by the antics of playful kittens during playtime.           , Amusement     ,2022-10-22 12:45:00, KittyObserver   , Facebook , #Amusement #PlayfulKittens               ,15.0,30.0, Canada            ,2022,10,22,12,"['amused', 'antics', 'playful', 'kittens', 'playtime']","['amus', 'antic', 'play', 'kitten', 'playtim']",0.0,Neutral
350,354,Contemplating life's mysteries under the starry night sky.         , Contemplation ,2016-07-02 23:30:00, Stargazer       , Twitter  , #Contemplation #StarryNight               ,28.0,55.0, UK                ,2016,7,2,23,"['contemplating', 'life', 'mysteries', 'starry', 'night', 'sky']","['contempl', 'life', 'mysteri', 'starri', 'night', 'sky']",0.0,Neutral
351,355,Joyful reunion with long-lost friends after years of separation.   , JoyfulReunion ,2020-11-18 17:10:00, FriendshipRenewal , Instagram , #JoyfulReunion #Friendship               ,20.0,40.0, India             ,2020,11,18,17,"['joyful', 'reunion', 'long', 'lost', 'friends', 'years', 'separation']","['joy', 'reunion', 'long', 'lost', 'friend', 'year', 'separ']",0.0,Neutral
352,356,Excitement builds while preparing for a surprise celebration.     , Excitement    ,2023-03-05 15:00:00, CelebrationPlanner , Facebook , #Excitement #SurpriseCelebration         ,30.0,60.0, Australia          ,2023,3,5,15,"['excitement', 'builds', 'preparing', 'surprise', 'celebration']","['excit', 'build', 'prepar', 'surpris', 'celebr']",0.0,Neutral
353,357,Satisfaction derived from successfully completing a DIY project.  , Satisfaction  ,2015-12-01 11:30:00, DIYEnthusiast   , Twitter  , #Satisfaction #DIYProject                 ,25.0,50.0, USA               ,2015,12,1,11,"['satisfaction', 'derived', 'successfully', 'completing', 'diy', 'project']","['satisfact', 'deriv', 'success', 'complet', 'diy', 'project']",0.75,Positive
354,358,Feeling blessed for the supportive community in times of need.    , Blessed       ,2021-09-10 09:45:00, CommunityHelper , Instagram , #Blessed #SupportiveCommunity            ,18.0,35.0, UK                ,2021,9,10,9,"['feeling', 'blessed', 'supportive', 'community', 'times', 'need']","['feel', 'bless', 'support', 'commun', 'time', 'need']",0.5,Positive
355,359,Captivated by the serenity of a tranquil garden in full bloom.     , Serenity      ,2018-05-12 14:20:00, GardenEnthusiast , Facebook , #Serenity #TranquilGarden                ,22.0,45.0, Canada            ,2018,5,12,14,"['captivated', 'serenity', 'tranquil', 'garden', 'full', 'bloom']","['captiv', 'seren', 'tranquil', 'garden', 'full', 'bloom']",0.35,Positive
356,360,Anticipation for an upcoming adventure in an exotic destination.   , Anticipation  ,2022-07-25 10:00:00, Wanderlust      , Twitter  , #Anticipation #AdventureAwaits           ,40.0,80.0, India             ,2022,7,25,10,"['anticipation', 'upcoming', 'adventure', 'exotic', 'destination']","['anticip', 'upcom', 'adventur', 'exot', 'destin']",0.5,Positive
357,361,Reflecting on personal growth achieved through life experiences.  , Reflection    ,2019-03-08 18:30:00, GrowthSeeker    , Instagram , #Reflection #PersonalGrowth              ,35.0,70.0, USA               ,2019,3,8,18,"['reflecting', 'personal', 'growth', 'achieved', 'life', 'experiences']","['reflect', 'person', 'growth', 'achiev', 'life', 'experi']",0.0,Neutral
358,362,Nostalgic memories flood in while revisiting childhood favorites. , Nostalgia     ,2017-01-28 21:15:00, ChildhoodMemories , Facebook , #Nostalgia #ChildhoodFavorites           ,20.0,40.0, Australia          ,2017,1,28,21,"['nostalgic', 'memories', 'flood', 'revisiting', 'childhood', 'favorites']","['nostalg', 'memori', 'flood', 'revisit', 'childhood', 'favorit']",-0.5,Negative
359,363,Appreciation for the vibrant culture experienced during travel.   , Appreciation  ,2016-11-14 13:45:00, CultureExplorer , Twitter  , #Appreciation #CulturalExperience        ,28.0,55.0, UK                ,2016,11,14,13,"['appreciation', 'vibrant', 'culture', 'experienced', 'travel']","['appreci', 'vibrant', 'cultur', 'experienc', 'travel']",0.48333333333333334,Positive
360,364,Confidence soars after overcoming public speaking anxiety.       , Confidence    ,2020-04-02 17:30:00, PublicSpeaker   , Instagram , #Confidence #OvercomingAnxiety          ,15.0,30.0, USA               ,2020,4,2,17,"['confidence', 'soars', 'overcoming', 'public', 'speaking', 'anxiety']","['confid', 'soar', 'overcom', 'public', 'speak', 'anxieti']",0.0,Neutral
361,365,Contentment in the midst of a family gathering filled with laughter. , Contentment   ,2023-01-15 19:00:00, FamilyCelebration , Facebook , #Contentment #FamilyLaughter             ,25.0,50.0, Canada            ,2023,1,15,19,"['contentment', 'midst', 'family', 'gathering', 'filled', 'laughter']","['content', 'midst', 'famili', 'gather', 'fill', 'laughter']",0.4,Positive
362,366,Enthusiasm for learning new skills and expanding knowledge.      , Enthusiasm    ,2018-08-07 12:15:00, LifelongLearner , Twitter  , #Enthusiasm #SkillBuilding               ,30.0,60.0, India             ,2018,8,7,12,"['enthusiasm', 'learning', 'new', 'skills', 'expanding', 'knowledge']","['enthusiasm', 'learn', 'new', 'skill', 'expand', 'knowledg']",0.13636363636363635,Positive
363,367,Surprise and delight at discovering a hidden gem in the city.    , Surprise      ,2019-10-18 16:45:00, CityExplorer    , Instagram , #Surprise #HiddenGem                      ,18.0,35.0, UK                ,2019,10,18,16,"['surprise', 'delight', 'discovering', 'hidden', 'gem', 'city']","['surpris', 'delight', 'discov', 'hidden', 'gem', 'citi']",-0.16666666666666666,Negative
364,368,A sense of accomplishment after completing a challenging workout., Accomplishment ,2022-06-30 07:00:00, FitnessAchiever , Facebook , #Accomplishment #FitnessSuccess         ,22.0,45.0, Australia          ,2022,6,30,7,"['sense', 'accomplishment', 'completing', 'challenging', 'workout']","['sens', 'accomplish', 'complet', 'challeng', 'workout']",0.5,Positive
365,369,Wonderment at the beauty of a double rainbow after the rain.     , Wonderment    ,2017-06-12 18:20:00, RainbowChaser   , Twitter  , #Wonderment #DoubleRainbow               ,35.0,70.0, USA               ,2017,6,12,18,"['wonderment', 'beauty', 'double', 'rainbow', 'rain']","['wonder', 'beauti', 'doubl', 'rainbow', 'rain']",0.0,Neutral
366,370,Optimism for a bright future amidst challenging times.           , Optimism      ,2021-07-05 09:30:00, FutureOptimist  , Instagram , #Optimism #BrightFuture                  ,20.0,40.0, Canada            ,2021,7,5,9,"['optimism', 'bright', 'future', 'amidst', 'challenging', 'times']","['optim', 'bright', 'futur', 'amidst', 'challeng', 'time']",0.4000000000000001,Positive
367,371,Pride in achieving a personal milestone in career progression.   , Pride         ,2016-04-15 14:50:00, CareerAchiever  , Facebook , #Pride #CareerMilestone                  ,28.0,55.0, UK                ,2016,4,15,14,"['pride', 'achieving', 'personal', 'milestone', 'career', 'progression']","['pride', 'achiev', 'person', 'mileston', 'career', 'progress']",0.0,Neutral
368,372,Happiness blooms like flowers in a garden on a sunny day.        , Happiness     ,2020-02-10 11:15:00, SunnyDayEnthusiast , Twitter  , #Happiness #SunnyDay                      ,15.0,30.0, India             ,2020,2,10,11,"['happiness', 'blooms', 'like', 'flowers', 'garden', 'sunny', 'day']","['happi', 'bloom', 'like', 'flower', 'garden', 'sunni', 'day']",0.7,Positive
369,373,Elation over discovering a rare book in a quaint bookstore.      , Elation       ,2018-09-22 16:30:00, Bookworm        , Instagram , #Elation #RareBookDiscovery              ,40.0,80.0, USA               ,2018,9,22,16,"['elation', 'discovering', 'rare', 'book', 'quaint', 'bookstore']","['elat', 'discov', 'rare', 'book', 'quaint', 'bookstor']",0.3,Positive
370,374,Curiosity piqued by the mysteries of an ancient archaeological site., Curiosity   ,2015-11-08 10:00:00, ArchaeologyEnthusiast , Facebook , #Curiosity #AncientMysteries            ,18.0,35.0, Australia          ,2015,11,8,10,"['curiosity', 'piqued', 'mysteries', 'ancient', 'archaeological', 'site']","['curios', 'piqu', 'mysteri', 'ancient', 'archaeolog', 'site']",0.0,Neutral
371,375,Mesmerized by the cosmic dance of fireflies on a moonlit night.    , Enchantment   ,2022-08-10 22:00:00, NightSkyObserver , Instagram , #Enchantment #CosmicFireflies             ,25.0,50.0, Brazil           ,2022,8,10,22,"['mesmerized', 'cosmic', 'dance', 'fireflies', 'moonlit', 'night']","['mesmer', 'cosmic', 'danc', 'firefli', 'moonlit', 'night']",0.0,Neutral
372,376,Intrigued by the symphony of colors in an abstract art exhibition. , Intrigue      ,2019-04-05 17:30:00, ArtConnoisseur  , Twitter  , #Intrigue #AbstractArt                   ,18.0,35.0, France           ,2019,4,5,17,"['intrigued', 'symphony', 'colors', 'abstract', 'art', 'exhibition']","['intrigu', 'symphoni', 'color', 'abstract', 'art', 'exhibit']",0.0,Neutral
373,377,Giggles and joy echo in the air during a children's playdate.      , PlayfulJoy    ,2020-12-15 15:45:00, PlayfulParent   , Facebook , #PlayfulJoy #ChildrensPlaydate           ,22.0,45.0, Japan            ,2020,12,15,15,"['giggles', 'joy', 'echo', 'air', 'children', 'playdate']","['giggl', 'joy', 'echo', 'air', 'children', 'playdat']",0.8,Positive
374,378,Enveloped in serenity while practicing mindfulness by the lake.    , Mindfulness   ,2017-10-20 08:15:00, ZenSeeker       , Instagram , #Mindfulness #LakeTranquility            ,35.0,70.0, Canada           ,2017,10,20,8,"['enveloped', 'serenity', 'practicing', 'mindfulness', 'lake']","['envelop', 'seren', 'practic', 'mind', 'lake']",0.0,Neutral
375,379,Chasing dreams like a kite soaring high in the vast open sky.      , DreamChaser   ,2021-02-28 13:00:00, SkyDreamer      , Twitter  , #DreamChaser #SkyHighDreams              ,30.0,60.0, Australia         ,2021,2,28,13,"['chasing', 'dreams', 'like', 'kite', 'soaring', 'high', 'vast', 'open', 'sky']","['chase', 'dream', 'like', 'kite', 'soar', 'high', 'vast', 'open', 'sky']",0.05333333333333334,Neutral
376,380,Spellbound by the elegance of a ballroom dance under crystal chandeliers. , Elegance ,2018-06-12 20:30:00, DanceEnthusiast , Facebook , #Elegance #BallroomDance                ,28.0,55.0, UK               ,2018,6,12,20,"['spellbound', 'elegance', 'ballroom', 'dance', 'crystal', 'chandeliers']","['spellbound', 'eleg', 'ballroom', 'danc', 'crystal', 'chandeli']",0.0,Neutral
377,381,Whimsical delight in a world of fairy tales and magical creatures.  , Whimsy        ,2016-03-08 14:20:00, FairyTaleExplorer , Instagram , #Whimsy #MagicalWorld                    ,20.0,40.0, USA             ,2016,3,8,14,"['whimsical', 'delight', 'world', 'fairy', 'tales', 'magical', 'creatures']","['whimsic', 'delight', 'world', 'fairi', 'tale', 'magic', 'creatur']",0.0,Neutral
378,382,Pensive contemplation amid the ancient ruins of a forgotten civilization. , Pensive ,2023-04-18 17:10:00, RuinsExplorer   , Twitter  , #Pensive #AncientCivilization           ,18.0,35.0, Greece           ,2023,4,18,17,"['pensive', 'contemplation', 'amid', 'ancient', 'ruins', 'forgotten', 'civilization']","['pensiv', 'contempl', 'amid', 'ancient', 'ruin', 'forgotten', 'civil']",-0.15,Negative
379,383,Embracing the thrill of speed on a rollercoaster's exhilarating twists. , Thrill      ,2020-07-25 12:45:00, RollercoasterFan , Facebook , #Thrill #RollercoasterAdventure        ,22.0,45.0, Germany         ,2020,7,25,12,"['embracing', 'thrill', 'speed', 'rollercoaster', 'exhilarating', 'twists']","['embrac', 'thrill', 'speed', 'rollercoast', 'exhilar', 'twist']",0.7,Positive
380,384,Harmony resonates as musicians play a melody of unity and togetherness. , Harmony    ,2019-11-30 19:30:00, MusicHarmonist  , Instagram , #Harmony #MusicalUnity                   ,35.0,70.0, Sweden          ,2019,11,30,19,"['harmony', 'resonates', 'musicians', 'play', 'melody', 'unity', 'togetherness']","['harmoni', 'reson', 'musician', 'play', 'melodi', 'uniti', 'togeth']",0.0,Neutral
381,385,A burst of creativity in the quiet solitude of an artist's studio.  , Creativity   ,2015-09-01 16:00:00, StudioArtist    , Twitter  , #Creativity #ArtistsHaven               ,15.0,30.0, Italy           ,2015,9,1,16,"['burst', 'creativity', 'quiet', 'solitude', 'artist', 'studio']","['burst', 'creativ', 'quiet', 'solitud', 'artist', 'studio']",0.0,Neutral
382,386,Radiant joy akin to blooming flowers on a sun-kissed spring morning. , Radiance    ,2022-05-05 10:15:00, SpringEnthusiast , Facebook , #Radiance #SpringBlooms                 ,25.0,50.0, Netherlands     ,2022,5,5,10,"['radiant', 'joy', 'akin', 'blooming', 'flowers', 'sun', 'kissed', 'spring', 'morning']","['radiant', 'joy', 'akin', 'bloom', 'flower', 'sun', 'kiss', 'spring', 'morn']",0.8,Positive
383,387,A sense of wonder at the vastness of the cosmos on a stargazing night. , Wonder     ,2018-07-08 23:00:00, CosmosExplorer  , Instagram , #Wonder #StargazingAdventure            ,40.0,80.0, South Africa    ,2018,7,8,23,"['sense', 'wonder', 'vastness', 'cosmos', 'stargazing', 'night']","['sens', 'wonder', 'vast', 'cosmo', 'stargaz', 'night']",0.0,Neutral
384,388,Rejuvenated by the salty breeze and the sound of waves at the seaside. , Rejuvenation ,2021-09-20 14:30:00, SeaBreezeLover , Twitter  , #Rejuvenation #SeasideEscape            ,18.0,35.0, Spain           ,2021,9,20,14,"['rejuvenated', 'salty', 'breeze', 'sound', 'waves', 'seaside']","['rejuven', 'salti', 'breez', 'sound', 'wave', 'seasid']",0.4,Positive
385,389,Whispers of inspiration from the rustling leaves in a serene forest. , Inspiration ,2016-11-15 11:45:00, ForestDreamer   , Facebook , #Inspiration #ForestWhispers            ,28.0,55.0, Portugal        ,2016,11,15,11,"['whispers', 'inspiration', 'rustling', 'leaves', 'serene', 'forest']","['whisper', 'inspir', 'rustl', 'leav', 'seren', 'forest']",0.0,Neutral
386,390,Savoring the warmth of a cup of cocoa on a chilly winter evening.   , Coziness     ,2020-01-12 18:00:00, WinterWarmth    , Instagram , #Coziness #WarmWinterEvening           ,30.0,60.0, Switzerland     ,2020,1,12,18,"['savoring', 'warmth', 'cup', 'cocoa', 'chilly', 'winter', 'evening']","['savor', 'warmth', 'cup', 'cocoa', 'chilli', 'winter', 'even']",-0.6,Negative
387,391,Heartfelt gratitude for the laughter shared during a family reunion. , Gratitude  ,2017-12-28 19:15:00, FamilyGatherer , Facebook , #Gratitude #FamilyLaughter              ,22.0,45.0, Austria         ,2017,12,28,19,"['heartfelt', 'gratitude', 'laughter', 'shared', 'family', 'reunion']","['heartfelt', 'gratitud', 'laughter', 'share', 'famili', 'reunion']",0.0,Neutral
388,392,"Embarking on a culinary adventure, savoring exotic flavors around the world. ", Adventure ,2019-03-02 20:20:00, CulinaryExplorer , Twitter  , #Adventure #CulinaryJourney             ,35.0,70.0, Belgium         ,2019,3,2,20,"['embarking', 'culinary', 'adventure', 'savoring', 'exotic', 'flavors', 'around', 'world']","['embark', 'culinari', 'adventur', 'savor', 'exot', 'flavor', 'around', 'world']",0.25,Positive
389,393,Euphoria floods in as the final puzzle piece clicks into place.       , Euphoria   ,2022-06-08 15:30:00, PuzzleSolver    , Instagram , #Euphoria #PuzzleCompletion            ,20.0,40.0, Denmark         ,2022,6,8,15,"['euphoria', 'floods', 'final', 'puzzle', 'piece', 'clicks', 'place']","['euphoria', 'flood', 'final', 'puzzl', 'piec', 'click', 'place']",0.0,Neutral
390,394,Awe-inspired by the grandeur of an ancient cathedral's intricate architecture. , Awe    ,2018-08-18 14:45:00, CathedralVisitor , Facebook , #Awe #ArchitecturalGrandeur            ,18.0,35.0, Czech Republic  ,2018,8,18,14,"['awe', 'inspired', 'grandeur', 'ancient', 'cathedral', 'intricate', 'architecture']","['awe', 'inspir', 'grandeur', 'ancient', 'cathedr', 'intric', 'architectur']",0.0,Neutral
391,395,Captivated by the ethereal beauty of a field filled with fireflies. , Enchantment   ,2022-08-10 22:00:00, NightSkyObserver , Instagram , #Enchantment #FireflyField              ,25.0,50.0, Brazil           ,2022,8,10,22,"['captivated', 'ethereal', 'beauty', 'field', 'filled', 'fireflies']","['captiv', 'ether', 'beauti', 'field', 'fill', 'firefli']",0.4,Positive
392,396,Immersed in the enchanting melodies of a street musician's violin. , Melodic       ,2019-04-05 17:30:00, MusicLover      , Twitter  , #Melodic #StreetMusic                   ,18.0,35.0, France           ,2019,4,5,17,"['immersed', 'enchanting', 'melodies', 'street', 'musician', 'violin']","['immers', 'enchant', 'melodi', 'street', 'musician', 'violin']",0.0,Neutral
393,397,Joyful laughter resonates through a lively summer carnival.         , FestiveJoy    ,2020-12-15 15:45:00, CarnivalGoer    , Facebook , #FestiveJoy #SummerCarnival             ,22.0,45.0, Japan            ,2020,12,15,15,"['joyful', 'laughter', 'resonates', 'lively', 'summer', 'carnival']","['joy', 'laughter', 'reson', 'live', 'summer', 'carniv']",0.13636363636363635,Positive
394,398,Exploring the universe within during a mindful meditation session. , InnerJourney  ,2017-10-20 08:15:00, MindfulExplorer , Instagram , #InnerJourney #MeditationBliss          ,35.0,70.0, Canada           ,2017,10,20,8,"['exploring', 'universe', 'within', 'mindful', 'meditation', 'session']","['explor', 'univers', 'within', 'mind', 'medit', 'session']",0.0,Neutral
395,399,Soaring like a free spirit on the winds of a coastal cliff.        , Freedom       ,2021-02-28 13:00:00, CoastalExplorer , Twitter  , #Freedom #CoastalAdventure              ,30.0,60.0, Australia         ,2021,2,28,13,"['soaring', 'like', 'free', 'spirit', 'winds', 'coastal', 'cliff']","['soar', 'like', 'free', 'spirit', 'wind', 'coastal', 'cliff']",0.4,Positive
396,400,Dazzled by the elegance of a masquerade ball's dazzling costumes. , Dazzle        ,2018-06-12 20:30:00, MasqueradeAttendee , Facebook , #Dazzle #MasqueradeElegance            ,28.0,55.0, UK               ,2018,6,12,20,"['dazzled', 'elegance', 'masquerade', 'ball', 'dazzling', 'costumes']","['dazzl', 'eleg', 'masquerad', 'ball', 'dazzl', 'costum']",0.75,Positive
397,401,Whimsical delight in a world of whimsical fairy tales.             , Whimsy        ,2016-03-08 14:20:00, FairyTaleAdventurer , Instagram , #Whimsy #FairyTaleMagic                 ,20.0,40.0, USA             ,2016,3,8,14,"['whimsical', 'delight', 'world', 'whimsical', 'fairy', 'tales']","['whimsic', 'delight', 'world', 'whimsic', 'fairi', 'tale']",-0.5,Negative
398,402,Reflective contemplation amid the ruins of a forgotten era.        , Reflection    ,2023-04-18 17:10:00, RuinsExplorer   , Twitter  , #Reflection #ForgottenEra               ,18.0,35.0, Greece           ,2023,4,18,17,"['reflective', 'contemplation', 'amid', 'ruins', 'forgotten', 'era']","['reflect', 'contempl', 'amid', 'ruin', 'forgotten', 'era']",-0.15,Negative
399,403,Riding the adrenaline rush on a rollercoaster's wild twists.      , Adrenaline     ,2020-07-25 12:45:00, ThrillSeeker    , Facebook , #Adrenaline #RollercoasterThrills      ,22.0,45.0, Germany         ,2020,7,25,12,"['riding', 'adrenaline', 'rush', 'rollercoaster', 'wild', 'twists']","['ride', 'adrenalin', 'rush', 'rollercoast', 'wild', 'twist']",0.1,Neutral
400,404,Harmony resonates as musicians play a symphony of unity.           , Harmony       ,2019-11-30 19:30:00, MusicHarmonist  , Instagram , #Harmony #MusicalUnity                   ,35.0,70.0, Sweden          ,2019,11,30,19,"['harmony', 'resonates', 'musicians', 'play', 'symphony', 'unity']","['harmoni', 'reson', 'musician', 'play', 'symphoni', 'uniti']",0.0,Neutral
401,405,A burst of artistic creativity in the quietude of an artist's studio. , ArtisticBurst ,2015-09-01 16:00:00, StudioArtist    , Twitter  , #ArtisticBurst #StudioCreativity       ,15.0,30.0, Italy           ,2015,9,1,16,"['burst', 'artistic', 'creativity', 'quietude', 'artist', 'studio']","['burst', 'artist', 'creativ', 'quietud', 'artist', 'studio']",0.3333333333333333,Positive
402,406,Radiant joy akin to blossoming flowers on a sunlit spring morning. , Radiance      ,2022-05-05 10:15:00, SpringEnthusiast , Facebook , #Radiance #SpringBlooms                 ,25.0,50.0, Netherlands     ,2022,5,5,10,"['radiant', 'joy', 'akin', 'blossoming', 'flowers', 'sunlit', 'spring', 'morning']","['radiant', 'joy', 'akin', 'blossom', 'flower', 'sunlit', 'spring', 'morn']",0.8,Positive
403,407,Awe-inspired by the vastness of the cosmos on a stargazing night.   , Wonder       ,2018-07-08 23:00:00, CosmosExplorer  , Instagram , #Wonder #StargazingAdventure            ,40.0,80.0, South Africa    ,2018,7,8,23,"['awe', 'inspired', 'vastness', 'cosmos', 'stargazing', 'night']","['awe', 'inspir', 'vast', 'cosmo', 'stargaz', 'night']",0.0,Neutral
404,408,Rejuvenated by the salty breeze and the sound of waves at the seaside. , Rejuvenation ,2021-09-20 14:30:00, SeaBreezeLover , Twitter  , #Rejuvenation #SeasideEscape            ,18.0,35.0, Spain           ,2021,9,20,14,"['rejuvenated', 'salty', 'breeze', 'sound', 'waves', 'seaside']","['rejuven', 'salti', 'breez', 'sound', 'wave', 'seasid']",0.4,Positive
405,409,Whispers of inspiration from the rustling leaves in a serene forest. , Inspiration  ,2016-11-15 11:45:00, ForestDreamer   , Facebook , #Inspiration #ForestWhispers            ,28.0,55.0, Portugal        ,2016,11,15,11,"['whispers', 'inspiration', 'rustling', 'leaves', 'serene', 'forest']","['whisper', 'inspir', 'rustl', 'leav', 'seren', 'forest']",0.0,Neutral
406,410,Savoring the warmth of a cup of cocoa on a chilly winter evening.   , Coziness     ,2020-01-12 18:00:00, WinterWarmth    , Instagram , #Coziness #WarmWinterEvening           ,30.0,60.0, Switzerland     ,2020,1,12,18,"['savoring', 'warmth', 'cup', 'cocoa', 'chilly', 'winter', 'evening']","['savor', 'warmth', 'cup', 'cocoa', 'chilli', 'winter', 'even']",-0.6,Negative
407,411,Heartfelt gratitude for the laughter shared during a family reunion. , Gratitude  ,2017-12-28 19:15:00, FamilyGatherer , Facebook , #Gratitude #FamilyLaughter              ,22.0,45.0, Austria         ,2017,12,28,19,"['heartfelt', 'gratitude', 'laughter', 'shared', 'family', 'reunion']","['heartfelt', 'gratitud', 'laughter', 'share', 'famili', 'reunion']",0.0,Neutral
408,412,"Embarking on a culinary odyssey, savoring flavors around the world. ", CulinaryOdyssey ,2019-03-02 20:20:00, CulinaryExplorer , Twitter  , #CulinaryOdyssey #FlavorsAroundTheWorld ,35.0,70.0, Belgium         ,2019,3,2,20,"['embarking', 'culinary', 'odyssey', 'savoring', 'flavors', 'around', 'world']","['embark', 'culinari', 'odyssey', 'savor', 'flavor', 'around', 'world']",0.0,Neutral
409,413,Euphoria floods in as the final puzzle piece fits perfectly.       , Euphoria     ,2022-06-08 15:30:00, PuzzleSolver    , Instagram , #Euphoria #PerfectPuzzle               ,20.0,40.0, Denmark         ,2022,6,8,15,"['euphoria', 'floods', 'final', 'puzzle', 'piece', 'fits', 'perfectly']","['euphoria', 'flood', 'final', 'puzzl', 'piec', 'fit', 'perfectli']",0.5,Positive
410,414,Awe-struck by the grandeur of an ancient cathedral's intricate architecture. , Awe    ,2018-08-18 14:45:00, CathedralVisitor , Facebook , #Awe #ArchitecturalGrandeur            ,18.0,35.0, Czech Republic  ,2018,8,18,14,"['awe', 'struck', 'grandeur', 'ancient', 'cathedral', 'intricate', 'architecture']","['awe', 'struck', 'grandeur', 'ancient', 'cathedr', 'intric', 'architectur']",0.0,Neutral
411,415,Curiosity awakened by the mysteries of an ancient archaeological site. , Curiosity  ,2015-11-08 10:00:00, ArchaeologyEnthusiast , Instagram , #Curiosity #AncientMysteries          ,18.0,35.0, Australia ,2015,11,8,10,"['curiosity', 'awakened', 'mysteries', 'ancient', 'archaeological', 'site']","['curios', 'awaken', 'mysteri', 'ancient', 'archaeolog', 'site']",0.0,Neutral
412,416,Giddy with excitement as the first snowflakes dance from the sky. , Excitement   ,2020-12-02 17:30:00, SnowfallEnthusiast , Twitter  , #Excitement #SnowfallMagic             ,22.0,45.0, Canada         ,2020,12,2,17,"['giddy', 'excitement', 'first', 'snowflakes', 'dance', 'sky']","['giddi', 'excit', 'first', 'snowflak', 'danc', 'sky']",0.25,Positive
413,417,Contentment envelops as the aroma of freshly baked bread fills the air. , Contentment ,2017-06-10 12:15:00, BreadLover     , Instagram , #Contentment #FreshBreadAroma          ,28.0,55.0, France          ,2017,6,10,12,"['contentment', 'envelops', 'aroma', 'freshly', 'baked', 'bread', 'fills', 'air']","['content', 'envelop', 'aroma', 'freshli', 'bake', 'bread', 'fill', 'air']",0.3,Positive
414,418,Inspired by the resilience of a lone tree standing tall in a storm. , Resilience   ,2021-04-15 14:20:00, NatureResilient , Facebook , #Resilience #StandingTall              ,35.0,70.0, USA             ,2021,4,15,14,"['inspired', 'resilience', 'lone', 'tree', 'standing', 'tall', 'storm']","['inspir', 'resili', 'lone', 'tree', 'stand', 'tall', 'storm']",0.0,Neutral
415,419,"Lost in the pages of a captivating novel, transported to another world. ", Immersion ,2019-09-28 19:45:00, Bookworm       , Twitter  , #Immersion #CaptivatingNovel           ,20.0,40.0, UK              ,2019,9,28,19,"['lost', 'pages', 'captivating', 'novel', 'transported', 'another', 'world']","['lost', 'page', 'captiv', 'novel', 'transport', 'anoth', 'world']",0.5,Positive
416,420,Drenched in nostalgia while flipping through an old family photo album. , Nostalgia ,2016-12-05 21:00:00, FamilyHistorian , Instagram , #Nostalgia #FamilyPhotoAlbum           ,25.0,50.0, India          ,2016,12,5,21,"['drenched', 'nostalgia', 'flipping', 'old', 'family', 'photo', 'album']","['drench', 'nostalgia', 'flip', 'old', 'famili', 'photo', 'album']",0.1,Neutral
417,421,Spark of inspiration ignites like a shooting star in the night sky. , Spark        ,2018-02-10 23:30:00, NightSkyWatcher , Facebook , #Spark #InspirationIgnited             ,30.0,60.0, Australia      ,2018,2,10,23,"['spark', 'inspiration', 'ignites', 'like', 'shooting', 'star', 'night', 'sky']","['spark', 'inspir', 'ignit', 'like', 'shoot', 'star', 'night', 'sky']",0.0,Neutral
418,422,Imbued with gratitude for the simple pleasure of a warm cup of tea. , Gratitude    ,2023-02-15 08:30:00, TeaEnthusiast  , Twitter  , #Gratitude #WarmTea                    ,18.0,35.0, Japan           ,2023,2,15,8,"['imbued', 'gratitude', 'simple', 'pleasure', 'warm', 'cup', 'tea']","['imbu', 'gratitud', 'simpl', 'pleasur', 'warm', 'cup', 'tea']",0.3,Positive
419,423,Marveling at the kaleidoscope of colors in a vibrant street market. , Marvel       ,2015-08-22 15:00:00, MarketExplorer , Instagram , #Marvel #ColorfulStreetMarket          ,22.0,45.0, Brazil          ,2015,8,22,15,"['marveling', 'kaleidoscope', 'colors', 'vibrant', 'street', 'market']","['marvel', 'kaleidoscop', 'color', 'vibrant', 'street', 'market']",0.16666666666666666,Positive
420,424,Awash with serenity as the sun sets over a tranquil lakeside retreat. , Serenity   ,2020-11-20 18:45:00, LakesideRetreater , Facebook , #Serenity #TranquilSunset              ,28.0,55.0, Germany       ,2020,11,20,18,"['awash', 'serenity', 'sun', 'sets', 'tranquil', 'lakeside', 'retreat']","['awash', 'seren', 'sun', 'set', 'tranquil', 'lakesid', 'retreat']",0.0,Neutral
421,425,Drowning in sorrow as memories of lost love resurface.            , Heartbreak    ,2019-08-05 21:00:00, LostInLove      , Instagram , #Heartbreak #LostLove                    ,15.0,30.0, USA             ,2019,8,5,21,"['drowning', 'sorrow', 'memories', 'lost', 'love', 'resurface']","['drown', 'sorrow', 'memori', 'lost', 'love', 'resurfac']",0.5,Positive
422,426,Numbness sets in as the weight of loneliness grows heavier.       , Loneliness    ,2021-02-12 16:45:00, SolitudeSeeker , Twitter  , #Loneliness #HeavyHeart                  ,18.0,35.0, Canada          ,2021,2,12,16,"['numbness', 'sets', 'weight', 'loneliness', 'grows', 'heavier']","['numb', 'set', 'weight', 'loneli', 'grow', 'heavier']",0.0,Neutral
423,427,"Tears fall like raindrops, mourning the end of a cherished friendship. ", Grief      ,2020-11-28 14:20:00, FriendshipsEnd  , Facebook , #Grief #LostFriendship                  ,22.0,45.0, UK              ,2020,11,28,14,"['tears', 'fall', 'like', 'raindrops', 'mourning', 'end', 'cherished', 'friendship']","['tear', 'fall', 'like', 'raindrop', 'mourn', 'end', 'cherish', 'friendship']",0.0,Neutral
424,428,"Despair clouds the mind, feeling adrift in an endless sea of darkness. ", Despair   ,2016-05-15 22:30:00, LostInDarkness  , Instagram , #Despair #EndlessDarkness               ,28.0,55.0, Australia        ,2016,5,15,22,"['despair', 'clouds', 'mind', 'feeling', 'adrift', 'endless', 'sea', 'darkness']","['despair', 'cloud', 'mind', 'feel', 'adrift', 'endless', 'sea', 'dark']",-0.125,Negative
425,429,"Shattered by betrayal, trust crumbles like fragile glass.          ", Betrayal      ,2018-09-10 13:15:00, BrokenTrust     , Twitter  , #Betrayal #ShatteredTrust               ,22.0,45.0, Germany         ,2018,9,10,13,"['shattered', 'betrayal', 'trust', 'crumbles', 'like', 'fragile', 'glass']","['shatter', 'betray', 'trust', 'crumbl', 'like', 'fragil', 'glass']",0.0,Neutral
426,430,"Aching heart, the symphony of pain plays in the silence of solitude. ", Suffering ,2022-03-20 19:30:00, SilentSufferer  , Facebook , #Suffering #HeartacheSymphony          ,25.0,50.0, Brazil          ,2022,3,20,19,"['aching', 'heart', 'symphony', 'pain', 'plays', 'silence', 'solitude']","['ach', 'heart', 'symphoni', 'pain', 'play', 'silenc', 'solitud']",0.0,Neutral
427,431,"Emotional storm, a whirlwind of sadness engulfs every thought.    ", EmotionalStorm ,2017-07-18 17:45:00, StormyFeelings  , Instagram , #EmotionalStorm #SadnessWhirlwind      ,30.0,60.0, India          ,2017,7,18,17,"['emotional', 'storm', 'whirlwind', 'sadness', 'engulfs', 'every', 'thought']","['emot', 'storm', 'whirlwind', 'sad', 'engulf', 'everi', 'thought']",0.0,Neutral
428,432,"Haunted by regrets, the ghost of the past lingers relentlessly.   ", Regret        ,2018-12-15 10:00:00, LingeringGhost  , Twitter  , #Regret #HauntedPast                    ,18.0,35.0, France         ,2018,12,15,10,"['haunted', 'regrets', 'ghost', 'past', 'lingers', 'relentlessly']","['haunt', 'regret', 'ghost', 'past', 'linger', 'relentlessli']",-0.175,Negative
429,433,"Torn apart by grief, the echoes of loss reverberate through the soul. ", Grief      ,2015-06-28 21:15:00, EchoesOfLoss    , Facebook , #Grief #TornApart                       ,28.0,55.0, Italy         ,2015,6,28,21,"['torn', 'apart', 'grief', 'echoes', 'loss', 'reverberate', 'soul']","['torn', 'apart', 'grief', 'echo', 'loss', 'reverber', 'soul']",-0.8,Negative
430,434,"Isolation deepens, an emotional winter where warmth is but a distant memory. ", Isolation ,2020-04-02 14:20:00, WinterOfEmotions , Instagram , #Isolation #EmotionalWinter            ,35.0,70.0, Japan       ,2020,4,2,14,"['isolation', 'deepens', 'emotional', 'winter', 'where', 'warmth', 'distant', 'memory']","['isol', 'deepen', 'emot', 'winter', 'where', 'warmth', 'distant', 'memori']",-0.05,Neutral
431,435,"Soul-crushing disappointment, hopes shattered like fragile glass. ", Disappointment ,2019-10-08 18:30:00, ShatteredHopes  , Twitter  , #Disappointment #CrushedHopes          ,20.0,40.0, Spain        ,2019,10,8,18,"['soul', 'crushing', 'disappointment', 'hopes', 'shattered', 'like', 'fragile', 'glass']","['soul', 'crush', 'disappoint', 'hope', 'shatter', 'like', 'fragil', 'glass']",-0.3,Negative
432,436,"Painful echoes of a love once cherished, now lost in the abyss of time. ", LostLove ,2016-11-22 09:45:00, AbyssOfTime     , Facebook , #LostLove #PainfulEchoes               ,22.0,45.0, Netherlands  ,2016,11,22,9,"['painful', 'echoes', 'love', 'cherished', 'lost', 'abyss', 'time']","['pain', 'echo', 'love', 'cherish', 'lost', 'abyss', 'time']",-0.09999999999999998,Neutral
433,437,"Heartache deepens, a solitary journey through the abyss of despair. ", Despair   ,2022-08-18 22:00:00, SolitaryDescent , Instagram , #Despair #AbyssOfHeartache             ,40.0,80.0, South Africa ,2022,8,18,22,"['heartache', 'deepens', 'solitary', 'journey', 'abyss', 'despair']","['heartach', 'deepen', 'solitari', 'journey', 'abyss', 'despair']",0.0,Neutral
434,438,"Melancholy lingers, a bittersweet serenade in the quietude of solitude. ", Melancholy ,2017-03-12 23:30:00, SerenadeOfSolitude , Twitter , #Melancholy #QuietSerenade             ,18.0,35.0, UK         ,2017,3,12,23,"['melancholy', 'lingers', 'bittersweet', 'serenade', 'quietude', 'solitude']","['melancholi', 'linger', 'bittersweet', 'serenad', 'quietud', 'solitud']",0.0,Neutral
435,439,"Bitterness like a poison, seeping into every crevice of the wounded heart. ", Bitterness ,2015-12-15 16:15:00, PoisonedHeart   , Facebook , #Bitterness #WoundedHeart              ,25.0,50.0, Australia   ,2015,12,15,16,"['bitterness', 'like', 'poison', 'seeping', 'every', 'crevice', 'wounded', 'heart']","['bitter', 'like', 'poison', 'seep', 'everi', 'crevic', 'wound', 'heart']",0.0,Neutral
436,440,"Emotional exhaustion, the weight of the world crushing weary shoulders. ", Exhaustion ,2021-09-05 13:30:00, WearySoulCrushed , Instagram , #Exhaustion #CrushedSpirit             ,35.0,70.0, Canada     ,2021,9,5,13,"['emotional', 'exhaustion', 'weight', 'world', 'crushing', 'weary', 'shoulders']","['emot', 'exhaust', 'weight', 'world', 'crush', 'weari', 'shoulder']",0.2,Positive
437,441,"Sorrowful echoes, a symphony of pain played by the strings of loss. ", Sorrow      ,2018-05-22 20:45:00, StringsOfSorrow , Twitter  , #Sorrow #SymphonyOfLoss                ,18.0,35.0, Germany     ,2018,5,22,20,"['sorrowful', 'echoes', 'symphony', 'pain', 'played', 'strings', 'loss']","['sorrow', 'echo', 'symphoni', 'pain', 'play', 'string', 'loss']",0.0,Neutral
438,442,"Darkness descends, engulfing the soul in the shadows of despair.  ", Darkness     ,2016-07-10 18:20:00, SoulInShadow    , Facebook , #Darkness #SoulEngulfed                 ,28.0,55.0, USA         ,2016,7,10,18,"['darkness', 'descends', 'engulfing', 'soul', 'shadows', 'despair']","['dark', 'descend', 'engulf', 'soul', 'shadow', 'despair']",0.0,Neutral
439,443,"Desperation whispers, the silent plea for a glimmer of hope in the abyss. ", Desperation ,2019-04-30 14:00:00, WhisperedDespair , Instagram , #Desperation #GlimmerOfHope            ,22.0,45.0, France    ,2019,4,30,14,"['desperation', 'whispers', 'silent', 'plea', 'glimmer', 'hope', 'abyss']","['desper', 'whisper', 'silent', 'plea', 'glimmer', 'hope', 'abyss']",0.0,Neutral
440,444,"Heart in ruins, the remnants of shattered dreams scattered in the wind. ", Ruins      ,2022-01-08 11:30:00, DreamsInWind    , Twitter  , #Ruins #ShatteredDreams                ,20.0,40.0, Brazil     ,2022,1,8,11,"['heart', 'ruins', 'remnants', 'shattered', 'dreams', 'scattered', 'wind']","['heart', 'ruin', 'remnant', 'shatter', 'dream', 'scatter', 'wind']",-0.15,Negative
441,445,"Shattered by the echoes of a shattered dream, fragments of hope scattered. ", Desolation ,2017-09-10 19:15:00, DreamEchoes , Twitter , #Desolation #ScatteredHope ,20.0,40.0, Australia ,2017,9,10,19,"['shattered', 'echoes', 'shattered', 'dream', 'fragments', 'hope', 'scattered']","['shatter', 'echo', 'shatter', 'dream', 'fragment', 'hope', 'scatter']",0.0,Neutral
442,446,"Avoiding the thorns of regret, walking barefoot on the path of remorse. ", Regret ,2022-04-18 11:30:00, RemorseWalker , Instagram , #Regret #PathOfRemorse ,25.0,50.0, Canada ,2022,4,18,11,"['avoiding', 'thorns', 'regret', 'walking', 'barefoot', 'path', 'remorse']","['avoid', 'thorn', 'regret', 'walk', 'barefoot', 'path', 'remors']",0.0,Neutral
443,447,"In the labyrinth of grief, the walls echo with the footsteps of lost joy. ", Grief ,2018-12-05 21:45:00, JoyLabyrinth , Facebook , #Grief #LostJoyFootsteps ,18.0,35.0, USA ,2018,12,5,21,"['labyrinth', 'grief', 'walls', 'echo', 'footsteps', 'lost', 'joy']","['labyrinth', 'grief', 'wall', 'echo', 'footstep', 'lost', 'joy']",0.0,Neutral
444,448,"A soul adrift in the sea of solitude, waves of loneliness crashing relentlessly. ", Loneliness ,2016-06-28 14:20:00, SolitudeSeas , Twitter , #Loneliness #CrashingWaves ,22.0,45.0, UK ,2016,6,28,14,"['soul', 'adrift', 'sea', 'solitude', 'waves', 'loneliness', 'crashing', 'relentlessly']","['soul', 'adrift', 'sea', 'solitud', 'wave', 'loneli', 'crash', 'relentlessli']",0.0,Neutral
445,449,"The bitterness of betrayal, a taste that lingers, staining the palate of trust. ", Bitterness ,2019-10-22 17:00:00, PalateStainer , Instagram , #Bitterness #StainedTrust ,15.0,30.0, Germany ,2019,10,22,17,"['bitterness', 'betrayal', 'taste', 'lingers', 'staining', 'palate', 'trust']","['bitter', 'betray', 'tast', 'linger', 'stain', 'palat', 'trust']",0.0,Neutral
446,450,"In the ruins of hope, echoes of shattered dreams whisper tales of loss. ", Desolation ,2021-03-15 22:45:00, HopeRuins , Facebook , #Desolation #WhisperedLoss ,28.0,55.0, Brazil ,2021,3,15,22,"['ruins', 'hope', 'echoes', 'shattered', 'dreams', 'whisper', 'tales', 'loss']","['ruin', 'hope', 'echo', 'shatter', 'dream', 'whisper', 'tale', 'loss']",-0.15,Negative
447,451,"Sinking like a stone in the ocean of heartbreak, each ripple a sigh of despair. ", Heartbreak ,2017-08-10 19:30:00, OceanSinker , Twitter , #Heartbreak #RippleOfDespair ,22.0,45.0, France ,2017,8,10,19,"['sinking', 'like', 'stone', 'ocean', 'heartbreak', 'ripple', 'sigh', 'despair']","['sink', 'like', 'stone', 'ocean', 'heartbreak', 'rippl', 'sigh', 'despair']",0.0,Neutral
448,452,"Tears, the ink staining the pages of a journal, a testament to silent grief. ", Grief ,2023-01-28 14:30:00, InkJournalist , Instagram , #Grief #SilentTears ,30.0,60.0, India ,2023,1,28,14,"['tears', 'ink', 'staining', 'pages', 'journal', 'testament', 'silent', 'grief']","['tear', 'ink', 'stain', 'page', 'journal', 'testament', 'silent', 'grief']",-0.4,Negative
449,453,"In the wasteland of lost trust, the echoes of broken promises reverberate. ", Betrayal ,2016-12-12 10:00:00, TrustWasteland , Facebook , #Betrayal #ReverberatingPromises ,25.0,50.0, Italy ,2016,12,12,10,"['wasteland', 'lost', 'trust', 'echoes', 'broken', 'promises', 'reverberate']","['wasteland', 'lost', 'trust', 'echo', 'broken', 'promis', 'reverber']",-0.4,Negative
450,454,"Avoiding the shards of shattered dreams, walking the tightrope of resilience. ", Resilience ,2020-07-18 15:15:00, DreamTightrope , Twitter , #Resilience #TightropeWalk ,35.0,70.0, Japan ,2020,7,18,15,"['avoiding', 'shards', 'shattered', 'dreams', 'walking', 'tightrope', 'resilience']","['avoid', 'shard', 'shatter', 'dream', 'walk', 'tightrop', 'resili']",0.0,Neutral
451,455,"Suffocating in the silence of solitude, where echoes of laughter once thrived. ", Isolation ,2022-05-20 20:30:00, EchoedLaughter , Instagram , #Isolation #SilentSolitude ,30.0,60.0, South Africa ,2022,5,20,20,"['suffocating', 'silence', 'solitude', 'where', 'echoes', 'laughter', 'thrived']","['suffoc', 'silenc', 'solitud', 'where', 'echo', 'laughter', 'thrive']",-0.5,Negative
452,456,"Haunted by the specter of lost possibilities, a ghost that refuses to fade away. ", Regret ,2019-11-08 14:45:00, PossibilityGhost , Twitter , #Regret #FadingPossibilities ,18.0,35.0, Spain ,2019,11,8,14,"['haunted', 'specter', 'lost', 'possibilities', 'ghost', 'refuses', 'fade', 'away']","['haunt', 'specter', 'lost', 'possibl', 'ghost', 'refus', 'fade', 'away']",0.0,Neutral
453,457,"In the labyrinth of despair, the echoes of a broken heart reverberate endlessly. ", Despair ,2017-03-28 22:00:00, EndlessLabyrinth , Facebook , #Despair #EndlessReverberation ,28.0,55.0, Australia ,2017,3,28,22,"['labyrinth', 'despair', 'echoes', 'broken', 'heart', 'reverberate', 'endlessly']","['labyrinth', 'despair', 'echo', 'broken', 'heart', 'reverber', 'endlessli']",-0.2625,Negative
454,458,"Sinking like autumn leaves in the river of sorrow, carried away by the current. ", Sorrow ,2020-09-15 18:15:00, RiverOfSorrow , Instagram , #Sorrow #AutumnLeaves ,22.0,45.0, Canada ,2020,9,15,18,"['sinking', 'like', 'autumn', 'leaves', 'river', 'sorrow', 'carried', 'away', 'current']","['sink', 'like', 'autumn', 'leav', 'river', 'sorrow', 'carri', 'away', 'current']",0.0,Neutral
455,459,"In the garden of broken dreams, petals fall, a silent testimony to shattered hopes. ", Desolation ,2018-06-10 13:30:00, DreamGardener , Twitter , #Desolation #ShatteredHopes ,20.0,40.0, UK ,2018,6,10,13,"['garden', 'broken', 'dreams', 'petals', 'fall', 'silent', 'testimony', 'shattered', 'hopes']","['garden', 'broken', 'dream', 'petal', 'fall', 'silent', 'testimoni', 'shatter', 'hope']",-0.2,Negative
456,460,"Tears, the currency of grief, spent in the marketplace of lost love and longing. ", Grief ,2016-12-22 21:45:00, CurrencyOfTears , Facebook , #Grief #LostLoveLonging ,25.0,50.0, USA ,2016,12,22,21,"['tears', 'currency', 'grief', 'spent', 'marketplace', 'lost', 'love', 'longing']","['tear', 'currenc', 'grief', 'spent', 'marketplac', 'lost', 'love', 'long']",-0.13333333333333333,Negative
457,461,"Wandering in the maze of betrayal, the walls closing in with every wrong turn. ", Betrayal ,2021-01-05 16:20:00, MazeWanderer , Instagram , #Betrayal #ClosingWalls ,15.0,30.0, Germany ,2021,1,5,16,"['wandering', 'maze', 'betrayal', 'walls', 'closing', 'every', 'wrong', 'turn']","['wander', 'maze', 'betray', 'wall', 'close', 'everi', 'wrong', 'turn']",-0.5,Negative
458,462,"A soul weathered by the storm of heartbreak, seeking refuge in the calm after. ", Heartbreak ,2019-04-18 11:00:00, StormSeeker , Twitter , #Heartbreak #CalmAfterStorm ,22.0,45.0, Brazil ,2019,4,18,11,"['soul', 'weathered', 'storm', 'heartbreak', 'seeking', 'refuge', 'calm']","['soul', 'weather', 'storm', 'heartbreak', 'seek', 'refug', 'calm']",0.30000000000000004,Positive
459,463,"In the tapestry of despair, threads of hope unravel, leaving a portrait of sorrow. ", Despair ,2017-08-28 19:30:00, TapestrySorrow , Facebook , #Despair #UnraveledHope ,18.0,35.0, India ,2017,8,28,19,"['tapestry', 'despair', 'threads', 'hope', 'unravel', 'leaving', 'portrait', 'sorrow']","['tapestri', 'despair', 'thread', 'hope', 'unravel', 'leav', 'portrait', 'sorrow']",0.0,Neutral
460,464,"Like a withered rose in the garden of love, petals fall, a silent surrender to time. ", Loss ,2023-02-10 14:30:00, WitheredRose , Instagram , #Loss #SilentSurrender ,28.0,55.0, France ,2023,2,10,14,"['like', 'withered', 'rose', 'garden', 'love', 'petals', 'fall', 'silent', 'surrender', 'time']","['like', 'wither', 'rose', 'garden', 'love', 'petal', 'fall', 'silent', 'surrend', 'time']",0.3666666666666667,Positive
461,465,"In the void of heartache, echoes of a love song play, each note a pang of longing. ", Heartache ,2022-07-10 22:15:00, LoveSongEcho , Instagram , #Heartache #LoveSongLonging ,30.0,60.0, Japan ,2022,7,10,22,"['void', 'heartache', 'echoes', 'love', 'song', 'play', 'note', 'pang', 'longing']","['void', 'heartach', 'echo', 'love', 'song', 'play', 'note', 'pang', 'long']",0.5,Positive
462,466,"Nostalgia, a bittersweet dance in the moonlit ballroom of cherished memories. ", Nostalgia ,2019-05-15 21:30:00, MoonlitMemories , Twitter , #Nostalgia #CherishedMemories ,18.0,35.0, Italy ,2019,5,15,21,"['nostalgia', 'bittersweet', 'dance', 'moonlit', 'ballroom', 'cherished', 'memories']","['nostalgia', 'bittersweet', 'danc', 'moonlit', 'ballroom', 'cherish', 'memori']",0.0,Neutral
463,467,"In the symphony of grief, each tear is a note, composing a melancholic melody. ", Grief ,2018-11-28 14:00:00, SymphonyOfTears , Facebook , #Grief #MelancholicMelody ,22.0,45.0, Germany ,2018,11,28,14,"['symphony', 'grief', 'tear', 'note', 'composing', 'melancholic', 'melody']","['symphoni', 'grief', 'tear', 'note', 'compos', 'melanchol', 'melodi']",-0.8,Negative
464,468,"Betrayal, a venomous serpent slithering through the garden of trust, poisoning roots. ", Betrayal ,2021-03-02 17:45:00, VenomousGarden , Instagram , #Betrayal #PoisonedTrust ,25.0,50.0, Canada ,2021,3,2,17,"['betrayal', 'venomous', 'serpent', 'slithering', 'garden', 'trust', 'poisoning', 'roots']","['betray', 'venom', 'serpent', 'slither', 'garden', 'trust', 'poison', 'root']",0.0,Neutral
465,469,"Sinking in the quicksand of despair, the harder you fight, the deeper you descend. ", Despair ,2016-10-18 19:30:00, QuicksandFighter , Twitter , #Despair #DeepDescent ,20.0,40.0, USA ,2016,10,18,19,"['sinking', 'quicksand', 'despair', 'harder', 'fight', 'deeper', 'descend']","['sink', 'quicksand', 'despair', 'harder', 'fight', 'deeper', 'descend']",-0.1,Neutral
466,470,"Wandering through the cemetery of lost dreams, tombstones marking untold sorrows. ", Desolation ,2020-08-15 12:30:00, DreamCemetery , Facebook , #Desolation #UntoldSorrows ,28.0,55.0, France ,2020,8,15,12,"['wandering', 'cemetery', 'lost', 'dreams', 'tombstones', 'marking', 'untold', 'sorrows']","['wander', 'cemeteri', 'lost', 'dream', 'tombston', 'mark', 'untold', 'sorrow']",0.0,Neutral
467,471,"Swept away by the river of regret, the currents of the past refusing to release. ", Regret ,2017-04-28 16:20:00, RegretRiver , Instagram , #Regret #PastCurrents ,18.0,35.0, UK ,2017,4,28,16,"['swept', 'away', 'river', 'regret', 'currents', 'past', 'refusing', 'release']","['swept', 'away', 'river', 'regret', 'current', 'past', 'refus', 'releas']",-0.25,Negative
468,472,"Whispers of lost love linger in the attic of the heart, forgotten but not erased. ", Loss ,2019-09-10 21:00:00, HeartAttic , Twitter , #Loss #ForgottenLove ,22.0,45.0, Australia ,2019,9,10,21,"['whispers', 'lost', 'love', 'linger', 'attic', 'heart', 'forgotten', 'erased']","['whisper', 'lost', 'love', 'linger', 'attic', 'heart', 'forgotten', 'eras']",0.5,Positive
469,473,"In the gallery of broken promises, each shattered vow framed, a painful exhibition. ", Betrayal ,2022-01-28 13:45:00, PromiseGallery , Facebook , #Betrayal #ShatteredVows ,15.0,30.0, Brazil ,2022,1,28,13,"['gallery', 'broken', 'promises', 'shattered', 'vow', 'framed', 'painful', 'exhibition']","['galleri', 'broken', 'promis', 'shatter', 'vow', 'frame', 'pain', 'exhibit']",-0.55,Negative
470,474,"The echoes of solitude, a silent conversation between a soul and its shadows. ", Solitude ,2016-06-15 22:30:00, EchoedConversation , Instagram , #Solitude #ShadowConversation ,30.0,60.0, Spain ,2016,6,15,22,"['echoes', 'solitude', 'silent', 'conversation', 'soul', 'shadows']","['echo', 'solitud', 'silent', 'convers', 'soul', 'shadow']",0.0,Neutral
471,475,"Dancing on sunshine, each step a celebration of the joy found in simple moments. ", Joy ,2021-08-20 15:45:00, SunshineDancer , Instagram , #Joy #SimpleMoments ,40.0,80.0, USA ,2021,8,20,15,"['dancing', 'sunshine', 'step', 'celebration', 'joy', 'found', 'simple', 'moments']","['danc', 'sunshin', 'step', 'celebr', 'joy', 'found', 'simpl', 'moment']",0.4,Positive
472,476,"Laughter echoes in the air, a chorus of happiness that lifts the spirit higher. ", Happiness ,2018-04-12 18:30:00, EchoedLaughter , Twitter , #Happiness #SpiritLifter ,35.0,70.0, Canada ,2018,4,12,18,"['laughter', 'echoes', 'air', 'chorus', 'happiness', 'lifts', 'spirit', 'higher']","['laughter', 'echo', 'air', 'choru', 'happi', 'lift', 'spirit', 'higher']",0.475,Positive
473,477,"In the garden of contentment, each bloom whispers tales of inner peace and joy. ", Contentment ,2022-02-15 12:20:00, GardenOfJoy , Facebook , #Contentment #InnerPeace ,25.0,50.0, UK ,2022,2,15,12,"['garden', 'contentment', 'bloom', 'whispers', 'tales', 'inner', 'peace', 'joy']","['garden', 'content', 'bloom', 'whisper', 'tale', 'inner', 'peac', 'joy']",0.4,Positive
474,478,"Chasing dreams under the vibrant sky, a journey fueled by hope and enthusiasm. ", Enthusiasm ,2019-10-28 14:15:00, DreamChaser , Instagram , #Enthusiasm #HopefulJourney ,30.0,60.0, Australia ,2019,10,28,14,"['chasing', 'dreams', 'vibrant', 'sky', 'journey', 'fueled', 'hope', 'enthusiasm']","['chase', 'dream', 'vibrant', 'sky', 'journey', 'fuel', 'hope', 'enthusiasm']",0.16666666666666666,Positive
475,479,"Serenading the stars with a heart full of gratitude, a melody of thankfulness. ", Gratitude ,2017-12-22 21:00:00, StarSerenader , Twitter , #Gratitude #ThankfulMelody ,22.0,45.0, India ,2017,12,22,21,"['serenading', 'stars', 'heart', 'full', 'gratitude', 'melody', 'thankfulness']","['serenad', 'star', 'heart', 'full', 'gratitud', 'melodi', 'thank']",0.35,Positive
476,480,"Basking in the glow of accomplishment, each milestone a stepping stone to happiness. ", Accomplishment ,2020-06-10 17:30:00, GlowAchiever , Facebook , #Accomplishment #HappinessMilestone ,28.0,55.0, Germany ,2020,6,10,17,"['basking', 'glow', 'accomplishment', 'milestone', 'stepping', 'stone', 'happiness']","['bask', 'glow', 'accomplish', 'mileston', 'step', 'stone', 'happi']",0.7,Positive
477,481,"In the dance of positivity, every step is a rhythm, uplifting the soul in harmony. ", Positivity ,2016-09-18 19:45:00, DanceHarmony , Instagram , #Positivity #SoulUpliftment ,18.0,35.0, France ,2016,9,18,19,"['dance', 'positivity', 'every', 'step', 'rhythm', 'uplifting', 'soul', 'harmony']","['danc', 'posit', 'everi', 'step', 'rhythm', 'uplift', 'soul', 'harmoni']",0.0,Neutral
478,482,"Overflowing with joy, a cup of laughter shared with friends, a moment cherished. ", Joy ,2023-03-10 14:30:00, LaughterCup , Twitter , #Joy #CherishedMoment ,20.0,40.0, Japan ,2023,3,10,14,"['overflowing', 'joy', 'cup', 'laughter', 'shared', 'friends', 'moment', 'cherished']","['overflow', 'joy', 'cup', 'laughter', 'share', 'friend', 'moment', 'cherish']",0.8,Positive
479,483,"Draped in the warmth of kindness, a quilt of compassion stitched with love. ", Kindness ,2019-05-05 12:15:00, QuiltedCompassion , Facebook , #Kindness #LoveStitches ,25.0,50.0, Brazil ,2019,5,5,12,"['draped', 'warmth', 'kindness', 'quilt', 'compassion', 'stitched', 'love']","['drape', 'warmth', 'kind', 'quilt', 'compass', 'stitch', 'love']",0.5,Positive
480,484,"In the garden of friendships, each bloom a testament to the beauty of camaraderie. ", Friendship ,2018-08-28 16:00:00, FriendshipGarden , Instagram , #Friendship #CamaraderieBlooms ,30.0,60.0, South Africa ,2018,8,28,16,"['garden', 'friendships', 'bloom', 'testament', 'beauty', 'camaraderie']","['garden', 'friendship', 'bloom', 'testament', 'beauti', 'camaraderi']",0.0,Neutral
481,485,"In the embrace of love, each heartbeat is a melody, dancing to the rhythm of affection. ", Love ,2022-11-15 20:45:00, MelodyOfLove , Twitter , #Love #RhythmOfAffection ,35.0,70.0, USA ,2022,11,15,20,"['embrace', 'love', 'heartbeat', 'melody', 'dancing', 'rhythm', 'affection']","['embrac', 'love', 'heartbeat', 'melodi', 'danc', 'rhythm', 'affect']",0.5,Positive
482,486,"Surrounded by the colors of joy, a canvas painted with laughter and endless smiles. ", Joy ,2019-07-02 17:00:00, ColorfulLaughter , Instagram , #Joy #EndlessSmiles ,40.0,80.0, Canada ,2019,7,2,17,"['surrounded', 'colors', 'joy', 'canvas', 'painted', 'laughter', 'endless', 'smiles']","['surround', 'color', 'joy', 'canva', 'paint', 'laughter', 'endless', 'smile']",0.3375,Positive
483,487,"In the symphony of excitement, each note is a burst of energy, igniting the soul with fervor. ", Excitement ,2021-04-18 14:20:00, SymphonyFervor , Facebook , #Excitement #IgnitedSoul ,30.0,60.0, UK ,2021,4,18,14,"['symphony', 'excitement', 'note', 'burst', 'energy', 'igniting', 'soul', 'fervor']","['symphoni', 'excit', 'note', 'burst', 'energi', 'ignit', 'soul', 'fervor']",0.0,Neutral
484,488,"A surprise gift, wrapped in anticipation, unfolds a moment of delight and wonder. ", Surprise ,2023-02-05 19:30:00, WrappedDelight , Twitter , #Surprise #WonderfulMoment ,25.0,50.0, Australia ,2023,2,5,19,"['surprise', 'gift', 'wrapped', 'anticipation', 'unfolds', 'moment', 'delight', 'wonder']","['surpris', 'gift', 'wrap', 'anticip', 'unfold', 'moment', 'delight', 'wonder']",0.0,Neutral
485,489,"Lost in the maze of curiosity, each twist and turn unveils the treasures of discovery. ", Curiosity ,2018-09-22 12:45:00, MazeDiscovery , Instagram , #Curiosity #TreasuresOfDiscovery ,22.0,45.0, India ,2018,9,22,12,"['lost', 'maze', 'curiosity', 'twist', 'turn', 'unveils', 'treasures', 'discovery']","['lost', 'maze', 'curios', 'twist', 'turn', 'unveil', 'treasur', 'discoveri']",0.0,Neutral
486,490,"Floating on clouds of gratitude, each raindrop a blessing, a shower of thankfulness. ", Gratitude ,2016-12-10 21:15:00, CloudsOfBlessings , Facebook , #Gratitude #ShowerOfThankfulness ,28.0,55.0, Germany ,2016,12,10,21,"['floating', 'clouds', 'gratitude', 'raindrop', 'blessing', 'shower', 'thankfulness']","['float', 'cloud', 'gratitud', 'raindrop', 'bless', 'shower', 'thank']",0.0,Neutral
487,491,"Like a comet of inspiration, streaking through the sky of creativity, leaving trails of brilliance. ", Inspiration ,2020-05-28 16:00:00, CometCreativity , Twitter , #Inspiration #BrilliantTrails ,18.0,35.0, France ,2020,5,28,16,"['like', 'comet', 'inspiration', 'streaking', 'sky', 'creativity', 'leaving', 'trails', 'brilliance']","['like', 'comet', 'inspir', 'streak', 'sky', 'creativ', 'leav', 'trail', 'brillianc']",0.0,Neutral
488,492,"In the celebration of success, fireworks of accomplishment light up the night sky of triumph. ", Success ,2017-11-15 22:30:00, FireworksTriumph , Instagram , #Success #NightSkyTriumph ,22.0,45.0, Japan ,2017,11,15,22,"['celebration', 'success', 'fireworks', 'accomplishment', 'light', 'night', 'sky', 'triumph']","['celebr', 'success', 'firework', 'accomplish', 'light', 'night', 'sky', 'triumph']",0.35,Positive
489,493,"A symphony of laughter, each note a key to unlocking the door of boundless happiness. ", Happiness ,2021-08-02 19:00:00, LaughterSymphony , Facebook , #Happiness #BoundlessLaughter ,30.0,60.0, Brazil ,2021,8,2,19,"['symphony', 'laughter', 'note', 'key', 'unlocking', 'door', 'boundless', 'happiness']","['symphoni', 'laughter', 'note', 'key', 'unlock', 'door', 'boundless', 'happi']",0.16666666666666666,Positive
490,494,"In the carnival of emotions, the rollercoaster of thrill sends the heart on a wild ride. ", Thrill ,2019-03-28 15:30:00, EmotionCarnival , Instagram , #Thrill #WildHeartRide ,35.0,70.0, South Africa ,2019,3,28,15,"['carnival', 'emotions', 'rollercoaster', 'thrill', 'sends', 'heart', 'wild', 'ride']","['carniv', 'emot', 'rollercoast', 'thrill', 'send', 'heart', 'wild', 'ride']",0.1,Neutral
491,495,"Standing before the grandeur of the Eiffel Tower, a moment to reflect on the beauty of Parisian dreams. ", Reflection ,2018-05-12 17:30:00, ParisDreamer , Twitter , #Reflection #ParisianDreams ,28.0,55.0, France ,2018,5,12,17,"['standing', 'grandeur', 'eiffel', 'tower', 'moment', 'reflect', 'beauty', 'parisian', 'dreams']","['stand', 'grandeur', 'eiffel', 'tower', 'moment', 'reflect', 'beauti', 'parisian', 'dream']",0.0,Neutral
492,496,"Lost in the enchantment of Disneyland, each ride a journey into the realm of childhood fantasies. ", Enchantment ,2022-09-28 15:45:00, DisneylandExplorer , Instagram , #Enchantment #ChildhoodFantasies ,30.0,60.0, USA ,2022,9,28,15,"['lost', 'enchantment', 'disneyland', 'ride', 'journey', 'realm', 'childhood', 'fantasies']","['lost', 'enchant', 'disneyland', 'ride', 'journey', 'realm', 'childhood', 'fantasi']",0.0,Neutral
493,497,"Exploring the wonders of Ferrari World, the roar of engines creating a symphony of speed. ", Excitement ,2019-11-10 14:00:00, FerrariSpeedster , Facebook , #Excitement #SymphonyOfSpeed ,22.0,45.0, Italy ,2019,11,10,14,"['exploring', 'wonders', 'ferrari', 'world', 'roar', 'engines', 'creating', 'symphony', 'speed']","['explor', 'wonder', 'ferrari', 'world', 'roar', 'engin', 'creat', 'symphoni', 'speed']",0.0,Neutral
494,498,"Amidst the tulip fields of Keukenhof, a tapestry of colors that paints the soul with springtime joy. ", Joy ,2021-04-02 18:20:00, KeukenhofAdventurer , Instagram , #Joy #SpringtimeColors ,35.0,70.0, Netherlands ,2021,4,2,18,"['amidst', 'tulip', 'fields', 'keukenhof', 'tapestry', 'colors', 'paints', 'soul', 'springtime', 'joy']","['amidst', 'tulip', 'field', 'keukenhof', 'tapestri', 'color', 'paint', 'soul', 'springtim', 'joy']",0.8,Positive
495,499,"Wandering through the historical streets of Kyoto, each step a journey into the heart of Japan's traditions. ", Exploration ,2017-08-22 21:30:00, KyotoAdventurer , Twitter , #Exploration #JapaneseTraditions ,18.0,35.0, Japan ,2017,8,22,21,"['wandering', 'historical', 'streets', 'kyoto', 'step', 'journey', 'heart', 'japan', 'traditions']","['wander', 'histor', 'street', 'kyoto', 'step', 'journey', 'heart', 'japan', 'tradit']",0.0,Neutral
496,500,"In the embrace of the Grand Canyon, nature's masterpiece, a moment to marvel at Earth's grandeur. ", Awe ,2020-06-15 16:45:00, CanyonMarveler , Instagram , #Awe #EarthsGrandeur ,25.0,50.0, USA ,2020,6,15,16,"['embrace', 'grand', 'canyon', 'nature', 'masterpiece', 'moment', 'marvel', 'earth', 'grandeur']","['embrac', 'grand', 'canyon', 'natur', 'masterpiec', 'moment', 'marvel', 'earth', 'grandeur']",0.5,Positive
497,501,"Journeying through the serenity of Santorini, where each sunset paints the sky with hues of tranquility. ", Serenity ,2016-09-10 19:15:00, SantoriniTraveler , Facebook , #Serenity #SunsetHues ,22.0,45.0, Greece ,2016,9,10,19,"['journeying', 'serenity', 'santorini', 'where', 'sunset', 'paints', 'sky', 'hues', 'tranquility']","['journey', 'seren', 'santorini', 'where', 'sunset', 'paint', 'sky', 'hue', 'tranquil']",0.0,Neutral
498,502,"Amazed by the architectural marvels of Petra, each stone telling tales of an ancient civilization. ", Amazement ,2023-01-28 13:00:00, PetraExplorer , Twitter , #Amazement #AncientTales ,30.0,60.0, Jordan ,2023,1,28,13,"['amazed', 'architectural', 'marvels', 'petra', 'stone', 'telling', 'tales', 'ancient', 'civilization']","['amaz', 'architectur', 'marvel', 'petra', 'stone', 'tell', 'tale', 'ancient', 'civil']",0.0,Neutral
499,503,"Embarking on a gondola ride in Venice, each canal reflecting the romance of this timeless city. ", Romance ,2019-04-18 16:30:00, VeniceRomantic , Instagram , #Romance #TimelessCity ,20.0,40.0, Italy ,2019,4,18,16,"['embarking', 'gondola', 'ride', 'venice', 'canal', 'reflecting', 'romance', 'timeless', 'city']","['embark', 'gondola', 'ride', 'venic', 'canal', 'reflect', 'romanc', 'timeless', 'citi']",0.0,Neutral
500,504,"At the summit of Machu Picchu, a breathtaking panorama that whispers the secrets of ancient civilizations. ", Awe ,2017-11-05 22:00:00, MachuPicchuAdventurer , Facebook , #Awe #AncientCivilizations ,28.0,55.0, Peru ,2017,11,5,22,"['summit', 'machu', 'picchu', 'breathtaking', 'panorama', 'whispers', 'secrets', 'ancient', 'civilizations']","['summit', 'machu', 'picchu', 'breathtak', 'panorama', 'whisper', 'secret', 'ancient', 'civil']",1.0,Positive
501,505,"In the heart of New York City, Times Square dazzles with lights, a vibrant spectacle of urban energy. ", Excitement ,2022-07-20 21:45:00, TimesSquareExplorer , Instagram , #Excitement #UrbanEnergy ,35.0,70.0, USA ,2022,7,20,21,"['heart', 'new', 'york', 'city', 'times', 'square', 'dazzles', 'lights', 'vibrant', 'spectacle', 'urban', 'energy']","['heart', 'new', 'york', 'citi', 'time', 'squar', 'dazzl', 'light', 'vibrant', 'spectacl', 'urban', 'energi']",0.101010101010101,Positive
502,506,"Captivated by the historical charm of the Colosseum, each stone echoing tales of gladiator valor. ", Captivation ,2018-03-15 17:30:00, ColosseumAdventurer , Twitter , #Captivation #GladiatorTales ,25.0,50.0, Italy ,2018,3,15,17,"['captivated', 'historical', 'charm', 'colosseum', 'stone', 'echoing', 'tales', 'gladiator', 'valor']","['captiv', 'histor', 'charm', 'colosseum', 'stone', 'echo', 'tale', 'gladiat', 'valor']",0.0,Neutral
503,507,"Sailing the azure waters of the Maldives, each wave a whisper of serenity in paradise. ", Serenity ,2019-10-28 14:15:00, MaldivesSailor , Facebook , #Serenity #ParadiseWhispers ,22.0,45.0, Maldives ,2019,10,28,14,"['sailing', 'azure', 'waters', 'maldives', 'wave', 'whisper', 'serenity', 'paradise']","['sail', 'azur', 'water', 'maldiv', 'wave', 'whisper', 'seren', 'paradis']",0.0,Neutral
504,508,"In the midst of the Amazon rainforest, a symphony of wildlife creates an orchestra of nature's wonders. ", Wonder ,2021-06-10 16:00:00, AmazonExplorer , Instagram , #Wonder #NatureOrchestra ,30.0,60.0, Brazil ,2021,6,10,16,"['midst', 'amazon', 'rainforest', 'symphony', 'wildlife', 'creates', 'orchestra', 'nature', 'wonders']","['midst', 'amazon', 'rainforest', 'symphoni', 'wildlif', 'creat', 'orchestra', 'natur', 'wonder']",0.0,Neutral
505,509,"Walking the Great Wall of China, each step a testament to ancient engineering marvels. ", Awe ,2017-08-18 19:30:00, GreatWallWalker , Twitter , #Awe #EngineeringMarvels ,18.0,35.0, China ,2017,8,18,19,"['walking', 'great', 'wall', 'china', 'step', 'testament', 'ancient', 'engineering', 'marvels']","['walk', 'great', 'wall', 'china', 'step', 'testament', 'ancient', 'engin', 'marvel']",0.8,Positive
506,510,"At the summit of Mount Fuji, a breathtaking sunrise that paints the sky with hues of accomplishment. ", Accomplishment ,2020-04-15 05:30:00, FujiSummitAchiever , Facebook , #Accomplishment #SunriseHues ,28.0,55.0, Japan ,2020,4,15,5,"['summit', 'mount', 'fuji', 'breathtaking', 'sunrise', 'paints', 'sky', 'hues', 'accomplishment']","['summit', 'mount', 'fuji', 'breathtak', 'sunris', 'paint', 'sky', 'hue', 'accomplish']",1.0,Positive
507,511,"Exploring the ancient ruins of Angkor Wat, each stone whispering stories of Khmer civilization. ", Exploration ,2016-11-22 13:00:00, AngkorWatAdventurer , Instagram , #Exploration #KhmerStories ,20.0,40.0, Cambodia ,2016,11,22,13,"['exploring', 'ancient', 'ruins', 'angkor', 'wat', 'stone', 'whispering', 'stories', 'khmer', 'civilization']","['explor', 'ancient', 'ruin', 'angkor', 'wat', 'stone', 'whisper', 'stori', 'khmer', 'civil']",-0.15,Negative
508,512,"Skiing down the slopes of the Swiss Alps, each turn a dance with the majesty of snow-capped peaks. ", Adventure ,2019-01-10 14:45:00, AlpsSkiAdventurer , Twitter , #Adventure #SnowPeakDance ,22.0,45.0, Switzerland ,2019,1,10,14,"['skiing', 'slopes', 'swiss', 'alps', 'turn', 'dance', 'majesty', 'snow', 'capped', 'peaks']","['ski', 'slope', 'swiss', 'alp', 'turn', 'danc', 'majesti', 'snow', 'cap', 'peak']",-0.15555555555555556,Negative
509,513,"In the tranquility of Kyoto's bamboo forest, whispers of ancient Zen wisdom echo through the groves. ", Tranquility ,2023-02-28 16:20:00, KyotoBambooSeeker , Facebook , #Tranquility #ZenWisdom ,25.0,50.0, Japan ,2023,2,28,16,"['tranquility', 'kyoto', 'bamboo', 'forest', 'whispers', 'ancient', 'zen', 'wisdom', 'echo', 'groves']","['tranquil', 'kyoto', 'bamboo', 'forest', 'whisper', 'ancient', 'zen', 'wisdom', 'echo', 'grove']",0.0,Neutral
510,514,"Cruising the fjords of Norway, each icy landscape a breathtaking masterpiece of nature's grandeur. ", Grandeur ,2018-05-28 18:30:00, NorwayFjordExplorer , Instagram , #Grandeur #IcyMasterpiece ,22.0,45.0, Norway ,2018,5,28,18,"['cruising', 'fjords', 'norway', 'icy', 'landscape', 'breathtaking', 'masterpiece', 'nature', 'grandeur']","['cruis', 'fjord', 'norway', 'ici', 'landscap', 'breathtak', 'masterpiec', 'natur', 'grandeur']",0.45,Positive
511,515,"At the front row of Adele's concert, each note of 'Someone Like You' resonates with soul-stirring emotion. ", Emotion ,2022-09-15 20:00:00, AdeleConcertGoer , Instagram , #Emotion #AdeleConcert ,40.0,80.0, USA ,2022,9,15,20,"['front', 'row', 'adele', 'concert', 'note', 'someone', 'like', 'resonates', 'soul', 'stirring', 'emotion']","['front', 'row', 'adel', 'concert', 'note', 'someon', 'like', 'reson', 'soul', 'stir', 'emot']",0.0,Neutral
512,516,"Dancing under the stars at Beyoncé's live show, feeling the power of 'Single Ladies' in every move. ", Energy ,2019-07-28 21:30:00, BeyonceDancer , Twitter , #Energy #BeyonceConcert ,35.0,70.0, USA ,2019,7,28,21,"['dancing', 'stars', 'live', 'show', 'feeling', 'power', 'single', 'ladies', 'every', 'move']","['danc', 'star', 'live', 'show', 'feel', 'power', 'singl', 'ladi', 'everi', 'move']",0.032467532467532464,Neutral
513,517,"In the crowd of a Taylor Swift concert, the lyrics of 'Love Story' create an enchanting fairy tale. ", Enchantment ,2021-05-10 19:45:00, SwiftieDreamer , Facebook , #Enchantment #TaylorSwift ,30.0,60.0, USA ,2021,5,10,19,"['crowd', 'taylor', 'swift', 'concert', 'lyrics', 'love', 'story', 'create', 'enchanting', 'fairy', 'tale']","['crowd', 'taylor', 'swift', 'concert', 'lyric', 'love', 'stori', 'creat', 'enchant', 'fairi', 'tale']",0.5,Positive
514,518,"Rocking out to the guitar solos at a Queen tribute concert, a journey back in time with Freddie's spirit. ", Nostalgia ,2018-12-02 22:15:00, QueenTributeFan , Instagram , #Nostalgia #QueenTribute ,22.0,45.0, UK ,2018,12,2,22,"['rocking', 'guitar', 'solos', 'queen', 'tribute', 'concert', 'journey', 'back', 'time', 'freddie', 'spirit']","['rock', 'guitar', 'solo', 'queen', 'tribut', 'concert', 'journey', 'back', 'time', 'freddi', 'spirit']",0.0,Neutral
515,519,"Swaying to Ed Sheeran's acoustic melodies, a serene evening filled with 'Perfect' moments. ", Serenity ,2020-08-18 19:00:00, SheeranMelodyLover , Twitter , #Serenity #EdSheeranConcert ,18.0,35.0, UK ,2020,8,18,19,"['swaying', 'ed', 'sheeran', 'acoustic', 'melodies', 'serene', 'evening', 'filled', 'perfect', 'moments']","['sway', 'ed', 'sheeran', 'acoust', 'melodi', 'seren', 'even', 'fill', 'perfect', 'moment']",0.7,Positive
516,520,"Immersed in the pulsating beats of a Bruno Mars concert, where 'Uptown Funk' becomes a city of joy. ", Joy ,2017-03-28 20:30:00, MarsJoyExplorer , Facebook , #Joy #BrunoMars ,28.0,55.0, USA ,2017,3,28,20,"['immersed', 'pulsating', 'beats', 'bruno', 'mars', 'concert', 'where', 'uptown', 'funk', 'becomes', 'city', 'joy']","['immers', 'pulsat', 'beat', 'bruno', 'mar', 'concert', 'where', 'uptown', 'funk', 'becom', 'citi', 'joy']",0.8,Positive
517,521,"At a Michael Jackson tribute show, moonwalking through the hits, a celebration of the King of Pop. ", Celebration ,2022-01-15 21:15:00, MJTributeDancer , Instagram , #Celebration #MJTribute ,25.0,50.0, USA ,2022,1,15,21,"['michael', 'jackson', 'tribute', 'show', 'moonwalking', 'hits', 'celebration', 'king', 'pop']","['michael', 'jackson', 'tribut', 'show', 'moonwalk', 'hit', 'celebr', 'king', 'pop']",0.0,Neutral
518,522,"Swinging to the rhythms of a Frank Sinatra tribute, feeling the timeless charm of 'Fly Me to the Moon'. ", Charm ,2019-06-10 18:45:00, SinatraCharmListener , Twitter , #Charm #SinatraTribute ,22.0,45.0, USA ,2019,6,10,18,"['swinging', 'rhythms', 'frank', 'sinatra', 'tribute', 'feeling', 'timeless', 'charm', 'fly', 'moon']","['swing', 'rhythm', 'frank', 'sinatra', 'tribut', 'feel', 'timeless', 'charm', 'fli', 'moon']",0.8,Positive
519,523,"In the mosh pit of a Metallica concert, the thunderous chords create a symphony of headbanging ecstasy. ", Ecstasy ,2023-03-20 22:30:00, MetallicaMoshWarrior , Facebook , #Ecstasy #MetallicaConcert ,35.0,70.0, USA ,2023,3,20,22,"['mosh', 'pit', 'metallica', 'concert', 'thunderous', 'chords', 'create', 'symphony', 'headbanging', 'ecstasy']","['mosh', 'pit', 'metallica', 'concert', 'thunder', 'chord', 'creat', 'symphoni', 'headbang', 'ecstasi']",0.0,Neutral
520,524,"Experiencing the magic of a Coldplay concert, where 'Fix You' becomes a beacon of hope in the night. ", Hope ,2016-11-28 19:00:00, ColdplayHopeSeeker , Instagram , #Hope #ColdplayMagic ,30.0,60.0, UK ,2016,11,28,19,"['experiencing', 'magic', 'coldplay', 'concert', 'where', 'fix', 'becomes', 'beacon', 'hope', 'night']","['experienc', 'magic', 'coldplay', 'concert', 'where', 'fix', 'becom', 'beacon', 'hope', 'night']",0.5,Positive
521,525,"At a Justin Bieber concert, the infectious beats of 'Baby' create a dance floor of unbridled enthusiasm. ", Enthusiasm ,2018-08-05 20:00:00, BieberDanceEnthusiast , Instagram , #Enthusiasm #JustinBieber ,40.0,80.0, Canada ,2018,8,5,20,"['justin', 'bieber', 'concert', 'infectious', 'beats', 'baby', 'create', 'dance', 'floor', 'unbridled', 'enthusiasm']","['justin', 'bieber', 'concert', 'infecti', 'beat', 'babi', 'creat', 'danc', 'floor', 'unbridl', 'enthusiasm']",0.0,Neutral
522,526,"In the spotlight at a Lady Gaga show, each costume change is a metamorphosis of creativity and artistry. ", Creativity ,2021-04-15 21:30:00, GagaArtisticChameleon , Twitter , #Creativity #LadyGaga ,35.0,70.0, USA ,2021,4,15,21,"['spotlight', 'lady', 'gaga', 'show', 'costume', 'change', 'metamorphosis', 'creativity', 'artistry']","['spotlight', 'ladi', 'gaga', 'show', 'costum', 'chang', 'metamorphosi', 'creativ', 'artistri']",0.0,Neutral
523,527,"Immersed in the soulful melodies of Adele, tears flow freely, moved by the emotion of 'Hello'. ", Emotion ,2019-11-28 19:45:00, AdeleMelodyTearjerker , Facebook , #Emotion #AdeleMelodies ,30.0,60.0, UK ,2019,11,28,19,"['immersed', 'soulful', 'melodies', 'adele', 'tears', 'flow', 'freely', 'moved', 'emotion', 'hello']","['immers', 'soul', 'melodi', 'adel', 'tear', 'flow', 'freeli', 'move', 'emot', 'hello']",0.4,Positive
524,528,"Drenched in confetti at a Katy Perry concert, a kaleidoscope of colors igniting the night sky. ", Colorful ,2020-06-22 22:00:00, KatyPerryColorExplosion , Instagram , #Colorful #KatyPerry ,22.0,45.0, USA ,2020,6,22,22,"['drenched', 'confetti', 'katy', 'perry', 'concert', 'kaleidoscope', 'colors', 'igniting', 'night', 'sky']","['drench', 'confetti', 'kati', 'perri', 'concert', 'kaleidoscop', 'color', 'ignit', 'night', 'sky']",0.0,Neutral
525,529,"In the audience of a Jay-Z performance, the lyrics of 'Empire State of Mind' become an anthem of pride. ", Pride ,2017-09-10 20:15:00, JayZEmpireListener , Twitter , #Pride #JayZAnthem ,18.0,35.0, USA ,2017,9,10,20,"['audience', 'jay', 'performance', 'lyrics', 'empire', 'state', 'mind', 'become', 'anthem', 'pride']","['audienc', 'jay', 'perform', 'lyric', 'empir', 'state', 'mind', 'becom', 'anthem', 'pride']",0.0,Neutral
526,530,"Dancing to Shakira's rhythmic beats, hips swaying to the hypnotic charm of 'Hips Don't Lie'. ", Hypnotic ,2022-02-28 21:15:00, ShakiraHipsDancer , Facebook , #Hypnotic #ShakiraRhythms ,28.0,55.0, Colombia ,2022,2,28,21,"['dancing', 'shakira', 'rhythmic', 'beats', 'hips', 'swaying', 'hypnotic', 'charm', 'hips', 'don', 'lie']","['danc', 'shakira', 'rhythmic', 'beat', 'hip', 'sway', 'hypnot', 'charm', 'hip', 'don', 'lie']",0.0,Neutral
527,531,"At a U2 concert, the anthemic chords of 'With or Without You' create a timeless moment of connection. ", Connection ,2016-05-15 19:30:00, U2ConnectionSeeker , Instagram , #Connection #U2Anthem ,25.0,50.0, Ireland ,2016,5,15,19,"['concert', 'anthemic', 'chords', 'without', 'create', 'timeless', 'moment', 'connection']","['concert', 'anthem', 'chord', 'without', 'creat', 'timeless', 'moment', 'connect']",0.0,Neutral
528,532,"Rocking out at a Guns N' Roses show, the iconic riffs of 'Sweet Child o' Mine' echoing in the night. ", Iconic ,2018-12-10 22:30:00, GunsNRosesRiffRockstar , Twitter , #Iconic #GNRConcert ,22.0,45.0, USA ,2018,12,10,22,"['rocking', 'guns', 'roses', 'show', 'iconic', 'riffs', 'sweet', 'child', 'mine', 'echoing', 'night']","['rock', 'gun', 'rose', 'show', 'icon', 'riff', 'sweet', 'child', 'mine', 'echo', 'night']",0.425,Positive
529,533,"In the crowd of an Ariana Grande concert, the high notes of 'Into You' create a euphoric symphony. ", Euphoria ,2023-01-22 20:00:00, ArianaEuphoriaChaser , Facebook , #Euphoria #ArianaGrande ,35.0,70.0, USA ,2023,1,22,20,"['crowd', 'ariana', 'grande', 'concert', 'high', 'notes', 'create', 'euphoric', 'symphony']","['crowd', 'ariana', 'grand', 'concert', 'high', 'note', 'creat', 'euphor', 'symphoni']",0.16,Positive
530,534,"Swaying to the reggae vibes of Bob Marley's tribute concert, each chord a journey to Jamaica's soul. ", Journey ,2020-03-05 18:45:00, MarleyReggaeTraveler , Instagram , #Journey #BobMarleyTribute ,30.0,60.0, Jamaica ,2020,3,5,18,"['swaying', 'reggae', 'vibes', 'bob', 'marley', 'tribute', 'concert', 'chord', 'journey', 'jamaica', 'soul']","['sway', 'regga', 'vibe', 'bob', 'marley', 'tribut', 'concert', 'chord', 'journey', 'jamaica', 'soul']",0.0,Neutral
531,535,"Captivated by the spellbinding plot twists, the audience applauds, experiencing a rollercoaster of emotions at the movie premiere. ", Excitement ,2018-10-12 20:00:00, MovieEnthusiastPremiereAttendee , Twitter , #Excitement #MoviePremiereThrills ,40.0,80.0, USA ,2018,10,12,20,"['captivated', 'spellbinding', 'plot', 'twists', 'audience', 'applauds', 'experiencing', 'rollercoaster', 'emotions', 'movie', 'premiere']","['captiv', 'spellbind', 'plot', 'twist', 'audienc', 'applaud', 'experienc', 'rollercoast', 'emot', 'movi', 'premier']",0.0,Neutral
532,536,"As the credits roll, a profound sense of nostalgia washes over, reminiscent of cherished moments in classic films. ", Nostalgia ,2019-06-25 22:15:00, FilmLoverNostalgiaSeeker , Instagram , #Nostalgia #ClassicFilmMoments ,35.0,70.0, UK ,2019,6,25,22,"['credits', 'roll', 'profound', 'sense', 'nostalgia', 'washes', 'reminiscent', 'cherished', 'moments', 'classic', 'films']","['credit', 'roll', 'profound', 'sens', 'nostalgia', 'wash', 'reminisc', 'cherish', 'moment', 'classic', 'film']",0.08333333333333333,Neutral
533,537,"Streaming the latest web series, the viewer is engrossed in the characters' journey, feeling a sense of connection and empathy. ", Engagement ,2020-07-08 19:30:00, WebSeriesViewerCharacterConnection , Facebook , #Engagement #WebSeriesJourney ,30.0,60.0, Canada ,2020,7,8,19,"['streaming', 'latest', 'web', 'series', 'viewer', 'engrossed', 'characters', 'journey', 'feeling', 'sense', 'connection', 'empathy']","['stream', 'latest', 'web', 'seri', 'viewer', 'engross', 'charact', 'journey', 'feel', 'sens', 'connect', 'empathi']",0.5,Positive
534,538,"At the film festival, the indie filmmaker's creation receives a standing ovation, evoking pride and a sense of accomplishment. ", Pride ,2017-09-18 21:45:00, IndieFilmmakerFestivalSuccess , Twitter , #Pride #IndieFilmSuccess ,22.0,45.0, Australia ,2017,9,18,21,"['film', 'festival', 'indie', 'filmmaker', 'creation', 'receives', 'standing', 'ovation', 'evoking', 'pride', 'sense', 'accomplishment']","['film', 'festiv', 'indi', 'filmmak', 'creation', 'receiv', 'stand', 'ovat', 'evok', 'pride', 'sens', 'accomplish']",0.0,Neutral
535,539,"Watching a heartwarming family drama, tears flow freely as the characters overcome challenges, leaving the viewer with a warm glow. ", Touched ,2021-01-15 18:00:00, DramaEnthusiastHeartwarmingMoments , Instagram , #Touched #FamilyDramaMoments ,28.0,55.0, India ,2021,1,15,18,"['watching', 'heartwarming', 'family', 'drama', 'tears', 'flow', 'freely', 'characters', 'overcome', 'challenges', 'leaving', 'viewer', 'warm', 'glow']","['watch', 'heartwarm', 'famili', 'drama', 'tear', 'flow', 'freeli', 'charact', 'overcom', 'challeng', 'leav', 'viewer', 'warm', 'glow']",0.5,Positive
536,540,"At the Oscars, the actor graciously accepts an award, radiating joy and gratitude for the recognition of their outstanding performance. ", Gratitude ,2016-02-28 20:30:00, AwardWinningActorOscarsRecipient , Facebook , #Gratitude #OscarWinningMoment ,18.0,35.0, USA ,2016,2,28,20,"['oscars', 'actor', 'graciously', 'accepts', 'award', 'radiating', 'joy', 'gratitude', 'recognition', 'outstanding', 'performance']","['oscar', 'actor', 'gracious', 'accept', 'award', 'radiat', 'joy', 'gratitud', 'recognit', 'outstand', 'perform']",0.65,Positive
537,541,"Discovering a hidden gem in the world of documentaries, the viewer is enlightened and inspired, feeling a renewed sense of curiosity. ", Inspiration ,2022-04-20 17:30:00, DocumentaryEnthusiastHiddenGemFinder , Twitter , #Inspiration #HiddenGemDiscovery ,22.0,45.0, France ,2022,4,20,17,"['discovering', 'hidden', 'gem', 'world', 'documentaries', 'viewer', 'enlightened', 'inspired', 'feeling', 'renewed', 'sense', 'curiosity']","['discov', 'hidden', 'gem', 'world', 'documentari', 'viewer', 'enlighten', 'inspir', 'feel', 'renew', 'sens', 'curios']",-0.16666666666666666,Negative
538,542,"As the movie credits roll, the viewer experiences a mix of awe and contemplation, pondering the deeper meanings woven into the storyline. ", Contemplation ,2019-11-05 21:15:00, FilmBuffContemplativeViewer , Instagram , #Contemplation #DeepMeanings ,28.0,55.0, Germany ,2019,11,5,21,"['movie', 'credits', 'roll', 'viewer', 'experiences', 'mix', 'awe', 'contemplation', 'pondering', 'deeper', 'meanings', 'woven', 'storyline']","['movi', 'credit', 'roll', 'viewer', 'experi', 'mix', 'awe', 'contempl', 'ponder', 'deeper', 'mean', 'woven', 'storylin']",0.0,Neutral
539,543,"Binge-watching a thrilling crime series, the suspense keeps the viewer on the edge of their seat, creating a rush of adrenaline. ", Suspense ,2015-07-12 22:00:00, CrimeSeriesEnthusiastThrillSeeker , Facebook , #Suspense #CrimeSeriesThrills ,35.0,70.0, Japan ,2015,7,12,22,"['binge', 'watching', 'thrilling', 'crime', 'series', 'suspense', 'keeps', 'viewer', 'edge', 'seat', 'creating', 'rush', 'adrenaline']","['bing', 'watch', 'thrill', 'crime', 'seri', 'suspens', 'keep', 'viewer', 'edg', 'seat', 'creat', 'rush', 'adrenalin']",0.25,Positive
540,544,"As the closing scene unfolds, a sense of satisfaction washes over, completing the cinematic journey with a profound and fulfilling ending. ", Satisfaction ,2020-09-10 19:45:00, FilmCriticSatisfactionSeeker , Twitter , #Satisfaction #FulfillingEnding ,22.0,45.0, Brazil ,2020,9,10,19,"['closing', 'scene', 'unfolds', 'sense', 'satisfaction', 'washes', 'completing', 'cinematic', 'journey', 'profound', 'fulfilling', 'ending']","['close', 'scene', 'unfold', 'sens', 'satisfact', 'wash', 'complet', 'cinemat', 'journey', 'profound', 'fulfil', 'end']",0.041666666666666664,Neutral
541,545,"Celebrating a historic victory in the World Cup, the nation erupts in joy, united by the triumph of their football team. ", Joy ,2018-07-15 21:30:00, FootballFanWorldCupCelebration , Instagram , #Joy #WorldCupTriumph ,40.0,80.0, Brazil ,2018,7,15,21,"['celebrating', 'historic', 'victory', 'world', 'cup', 'nation', 'erupts', 'joy', 'united', 'triumph', 'football', 'team']","['celebr', 'histor', 'victori', 'world', 'cup', 'nation', 'erupt', 'joy', 'unit', 'triumph', 'footbal', 'team']",0.4,Positive
542,546,"At the Olympics, the athlete's perseverance shines through, earning a gold medal and inspiring a generation with their remarkable achievement. ", Inspiration ,2020-08-08 19:45:00, OlympicsEnthusiastGoldMedalWinner , Twitter , #Inspiration #OlympicAchievement ,35.0,70.0, USA ,2020,8,8,19,"['olympics', 'athlete', 'perseverance', 'shines', 'earning', 'gold', 'medal', 'inspiring', 'generation', 'remarkable', 'achievement']","['olymp', 'athlet', 'persever', 'shine', 'earn', 'gold', 'medal', 'inspir', 'gener', 'remark', 'achiev']",0.625,Positive
543,547,"In the cricket championship, a nail-biting finish leaves fans on the edge of their seats, experiencing a rollercoaster of emotions. ", Excitement ,2019-06-25 22:15:00, CricketFanChampionshipThrills , Facebook , #Excitement #CricketChampionship ,30.0,60.0, India ,2019,6,25,22,"['cricket', 'championship', 'nail', 'biting', 'finish', 'leaves', 'fans', 'edge', 'seats', 'experiencing', 'rollercoaster', 'emotions']","['cricket', 'championship', 'nail', 'bite', 'finish', 'leav', 'fan', 'edg', 'seat', 'experienc', 'rollercoast', 'emot']",0.0,Neutral
544,548,"Witnessing a record-breaking marathon, spectators are filled with awe and admiration for the endurance and dedication of the runners. ", Admiration ,2021-11-07 17:30:00, MarathonSpectatorRecordBreaking , Instagram , #Admiration #MarathonRecords ,22.0,45.0, Kenya ,2021,11,7,17,"['witnessing', 'record', 'breaking', 'marathon', 'spectators', 'filled', 'awe', 'admiration', 'endurance', 'dedication', 'runners']","['wit', 'record', 'break', 'marathon', 'spectat', 'fill', 'awe', 'admir', 'endur', 'dedic', 'runner']",0.4,Positive
545,549,"In the tennis grand slam, a fierce rivalry unfolds, captivating fans with a display of skill and sportsmanship on the world stage. ", Captivation ,2017-09-10 20:15:00, TennisEnthusiastGrandSlamDrama , Twitter , #Captivation #TennisRivalry ,28.0,55.0, UK ,2017,9,10,20,"['tennis', 'grand', 'slam', 'fierce', 'rivalry', 'unfolds', 'captivating', 'fans', 'display', 'skill', 'sportsmanship', 'world', 'stage']","['tenni', 'grand', 'slam', 'fierc', 'rivalri', 'unfold', 'captiv', 'fan', 'display', 'skill', 'sportsmanship', 'world', 'stage']",0.5,Positive
546,550,"Cheering for the underdog in the basketball finals, the crowd erupts in applause as the team defies odds to claim the championship title. ", Triumph ,2022-06-20 21:00:00, BasketballFanUnderdogTriumph , Facebook , #Triumph #BasketballFinals ,18.0,35.0, USA ,2022,6,20,21,"['cheering', 'underdog', 'basketball', 'finals', 'crowd', 'erupts', 'applause', 'team', 'defies', 'odds', 'claim', 'championship', 'title']","['cheer', 'underdog', 'basketbal', 'final', 'crowd', 'erupt', 'applaus', 'team', 'defi', 'odd', 'claim', 'championship', 'titl']",0.0,Neutral
547,551,"At the golf tournament, the golfer's precision and focus lead to a stunning victory, leaving spectators in awe of their exceptional skill. ", Awe ,2016-04-10 18:30:00, GolfEnthusiastPrecisionVictory , Instagram , #Awe #GolfVictory ,22.0,45.0, Scotland ,2016,4,10,18,"['golf', 'tournament', 'golfer', 'precision', 'focus', 'lead', 'stunning', 'victory', 'leaving', 'spectators', 'awe', 'exceptional', 'skill']","['golf', 'tournament', 'golfer', 'precis', 'focu', 'lead', 'stun', 'victori', 'leav', 'spectat', 'awe', 'except', 'skill']",0.5833333333333333,Positive
548,552,"Experiencing the thrill of a high-speed Formula 1 race, fans are on the edge of their seats as drivers compete for the championship. ", Thrill ,2019-11-24 19:45:00, F1FanHighSpeedRaceExcitement , Twitter , #Thrill #Formula1Championship ,28.0,55.0, Germany ,2019,11,24,19,"['experiencing', 'thrill', 'high', 'speed', 'formula', 'race', 'fans', 'edge', 'seats', 'drivers', 'compete', 'championship']","['experienc', 'thrill', 'high', 'speed', 'formula', 'race', 'fan', 'edg', 'seat', 'driver', 'compet', 'championship']",0.0,Neutral
549,553,"In the cycling world championship, the climber conquers challenging terrains, symbolizing determination and achievement against all odds. ", Determination ,2015-09-28 22:30:00, CyclingEnthusiastWorldChampion , Facebook , #Determination #CyclingChampion ,35.0,70.0, Italy ,2015,9,28,22,"['cycling', 'world', 'championship', 'climber', 'conquers', 'challenging', 'terrains', 'symbolizing', 'determination', 'achievement', 'odds']","['cycl', 'world', 'championship', 'climber', 'conquer', 'challeng', 'terrain', 'symbol', 'determin', 'achiev', 'odd']",0.5,Positive
550,554,"Witnessing a heartwarming comeback in the hockey finals, fans share tears of joy as the team secures a historic victory after adversity. ", Heartwarming ,2020-12-12 20:00:00, HockeyFanComebackVictory , Instagram , #Heartwarming #HockeyFinalsComeback ,22.0,45.0, Canada ,2020,12,12,20,"['witnessing', 'heartwarming', 'comeback', 'hockey', 'finals', 'fans', 'share', 'tears', 'joy', 'team', 'secures', 'historic', 'victory', 'adversity']","['wit', 'heartwarm', 'comeback', 'hockey', 'final', 'fan', 'share', 'tear', 'joy', 'team', 'secur', 'histor', 'victori', 'advers']",0.4,Positive
551,555,"After a series of defeats, the soccer team faces disappointment, struggling to find the silver lining in a challenging season. ", Disappointment ,2019-11-02 18:45:00, SoccerFanTeamDefeats , Twitter , #Disappointment #SoccerDefeats ,40.0,80.0, Brazil ,2019,11,2,18,"['series', 'defeats', 'soccer', 'team', 'faces', 'disappointment', 'struggling', 'find', 'silver', 'lining', 'challenging', 'season']","['seri', 'defeat', 'soccer', 'team', 'face', 'disappoint', 'struggl', 'find', 'silver', 'line', 'challeng', 'season']",-0.04999999999999999,Neutral
552,556,"In the tennis tournament, a highly anticipated player experiences a setback, leaving fans in shock and questioning the unforeseen turn of events. ", Frustration ,2018-07-10 21:15:00, TennisEnthusiastUnexpectedSetback , Instagram , #Frustration #TennisSetback ,35.0,70.0, USA ,2018,7,10,21,"['tennis', 'tournament', 'highly', 'anticipated', 'player', 'experiences', 'setback', 'leaving', 'fans', 'shock', 'questioning', 'unforeseen', 'turn', 'events']","['tenni', 'tournament', 'highli', 'anticip', 'player', 'experi', 'setback', 'leav', 'fan', 'shock', 'question', 'unforeseen', 'turn', 'event']",0.16,Positive
553,557,"Facing a defeat in the championship, the boxer reflects on the challenges, vowing to return stronger and more determined in the next bout. ", Reflection ,2020-09-18 19:30:00, BoxingFanChampionshipDefeat , Facebook , #Reflection #BoxingDefeat ,30.0,60.0, UK ,2020,9,18,19,"['facing', 'defeat', 'championship', 'boxer', 'reflects', 'challenges', 'vowing', 'return', 'stronger', 'determined', 'next', 'bout']","['face', 'defeat', 'championship', 'boxer', 'reflect', 'challeng', 'vow', 'return', 'stronger', 'determin', 'next', 'bout']",0.25,Positive
554,558,"In the midst of a cycling race, a tire blowout leads to frustration for the cyclist, who valiantly tries to overcome the unexpected obstacle. ", Obstacle ,2017-05-15 22:00:00, CyclingEnthusiastTireBlowout , Twitter , #Obstacle #CyclingFrustration ,22.0,45.0, France ,2017,5,15,22,"['midst', 'cycling', 'race', 'tire', 'blowout', 'leads', 'frustration', 'cyclist', 'valiantly', 'tries', 'overcome', 'unexpected', 'obstacle']","['midst', 'cycl', 'race', 'tire', 'blowout', 'lead', 'frustrat', 'cyclist', 'valiantli', 'tri', 'overcom', 'unexpect', 'obstacl']",0.0,Neutral
555,559,"The gymnast's unexpected fall during a routine sparks a wave of sympathy from the audience, highlighting the vulnerability of sports. ", Sympathy ,2021-04-05 20:15:00, GymnasticsFanRoutineFall , Instagram , #Sympathy #GymnasticsFall ,28.0,55.0, Japan ,2021,4,5,20,"['gymnast', 'unexpected', 'fall', 'routine', 'sparks', 'wave', 'sympathy', 'audience', 'highlighting', 'vulnerability', 'sports']","['gymnast', 'unexpect', 'fall', 'routin', 'spark', 'wave', 'sympathi', 'audienc', 'highlight', 'vulner', 'sport']",0.1,Neutral
556,560,"In the golf tournament, a missed crucial putt results in defeat, causing the golfer to reflect on the pressure of high-stakes competition. ", Pressure ,2016-08-20 18:30:00, GolfEnthusiastMissedPutt , Facebook , #Pressure #GolfDefeat ,18.0,35.0, USA ,2016,8,20,18,"['golf', 'tournament', 'missed', 'crucial', 'putt', 'results', 'defeat', 'causing', 'golfer', 'reflect', 'pressure', 'high', 'stakes', 'competition']","['golf', 'tournament', 'miss', 'crucial', 'putt', 'result', 'defeat', 'caus', 'golfer', 'reflect', 'pressur', 'high', 'stake', 'competit']",0.0,Neutral
557,561,"Experiencing a series of losses in the basketball season, the team grapples with frustration, determined to turn the tide with renewed effort. ", Renewed Effort ,2019-02-12 19:45:00, BasketballFanTeamLosses , Twitter , #RenewedEffort #BasketballStruggles ,22.0,45.0, Canada ,2019,2,12,19,"['experiencing', 'series', 'losses', 'basketball', 'season', 'team', 'grapples', 'frustration', 'determined', 'turn', 'tide', 'renewed', 'effort']","['experienc', 'seri', 'loss', 'basketbal', 'season', 'team', 'grappl', 'frustrat', 'determin', 'turn', 'tide', 'renew', 'effort']",0.0,Neutral
558,562,"Despite meticulous training, the swimmer faces disappointment as a split-second miscalculation costs them the lead in a crucial race. ", Miscalculation ,2015-06-28 20:00:00, SwimmingEnthusiastRaceSetback , Instagram , #Miscalculation #SwimmingDisappointment ,28.0,55.0, Australia ,2015,6,28,20,"['despite', 'meticulous', 'training', 'swimmer', 'faces', 'disappointment', 'split', 'second', 'miscalculation', 'costs', 'lead', 'crucial', 'race']","['despit', 'meticul', 'train', 'swimmer', 'face', 'disappoint', 'split', 'second', 'miscalcul', 'cost', 'lead', 'crucial', 'race']",-0.3,Negative
559,563,"The weightlifter's failed attempt at a personal record results in frustration, highlighting the challenging nature of pushing physical limits. ", Challenge ,2022-01-08 21:30:00, WeightliftingFanFailedRecord , Facebook , #Challenge #WeightliftingFailure ,35.0,70.0, Germany ,2022,1,8,21,"['weightlifter', 'failed', 'attempt', 'personal', 'record', 'results', 'frustration', 'highlighting', 'challenging', 'nature', 'pushing', 'physical', 'limits']","['weightlift', 'fail', 'attempt', 'person', 'record', 'result', 'frustrat', 'highlight', 'challeng', 'natur', 'push', 'physic', 'limit']",0.0,Neutral
560,564,"In the midst of a soccer match, an unexpected own goal creates a moment of despair for the player, as teammates console and encourage them. ", Despair ,2018-12-15 20:15:00, SoccerPlayerOwnGoalMoment , Twitter , #Despair #OwnGoal ,22.0,45.0, Spain ,2018,12,15,20,"['midst', 'soccer', 'match', 'unexpected', 'goal', 'creates', 'moment', 'despair', 'player', 'teammates', 'console', 'encourage']","['midst', 'soccer', 'match', 'unexpect', 'goal', 'creat', 'moment', 'despair', 'player', 'teammat', 'consol', 'encourag']",0.35,Positive
561,565,"In the serene beauty of a sunset, nature unfolds a canvas of colors, evoking a sense of tranquility and wonder. ", Tranquility ,2021-07-10 19:00:00, NatureEnthusiastSunsetWonder , Instagram , #Tranquility #SunsetBeauty ,40.0,80.0, Canada ,2021,7,10,19,"['serene', 'beauty', 'sunset', 'nature', 'unfolds', 'canvas', 'colors', 'evoking', 'sense', 'tranquility', 'wonder']","['seren', 'beauti', 'sunset', 'natur', 'unfold', 'canva', 'color', 'evok', 'sens', 'tranquil', 'wonder']",0.0,Neutral
562,566,"Embarking on a spontaneous road trip, the traveler discovers hidden gems, creating memories that will be cherished for a lifetime. ", Adventure ,2019-09-28 20:30:00, TravelEnthusiastRoadTripDiscovery , Twitter , #Adventure #RoadTripMemories ,35.0,70.0, USA ,2019,9,28,20,"['embarking', 'spontaneous', 'road', 'trip', 'traveler', 'discovers', 'hidden', 'gems', 'creating', 'memories', 'cherished', 'lifetime']","['embark', 'spontan', 'road', 'trip', 'travel', 'discov', 'hidden', 'gem', 'creat', 'memori', 'cherish', 'lifetim']",0.21666666666666667,Positive
563,567,"Amidst the bustling city, a quiet café becomes a sanctuary for reflection, where a cup of coffee brings solace to the wandering mind. ", Solace ,2022-03-15 18:45:00, UrbanExplorerCafeSolitude , Facebook , #Solace #CafeReflection ,30.0,60.0, France ,2022,3,15,18,"['amidst', 'bustling', 'city', 'quiet', 'becomes', 'sanctuary', 'reflection', 'where', 'cup', 'coffee', 'brings', 'solace', 'wandering', 'mind']","['amidst', 'bustl', 'citi', 'quiet', 'becom', 'sanctuari', 'reflect', 'where', 'cup', 'coffe', 'bring', 'solac', 'wander', 'mind']",0.0,Neutral
564,568,"Exploring the vibrant street art of a cultural neighborhood, each mural tells a story, infusing the city with creativity and expression. ", Creativity ,2017-11-05 21:15:00, ArtEnthusiastStreetArtExploration , Instagram , #Creativity #StreetArtVibes ,22.0,45.0, Brazil ,2017,11,5,21,"['exploring', 'vibrant', 'street', 'art', 'cultural', 'neighborhood', 'mural', 'tells', 'story', 'infusing', 'city', 'creativity', 'expression']","['explor', 'vibrant', 'street', 'art', 'cultur', 'neighborhood', 'mural', 'tell', 'stori', 'infus', 'citi', 'creativ', 'express']",0.13333333333333333,Positive
565,569,"In the world of science, a breakthrough discovery unfolds, pushing the boundaries of knowledge and opening new frontiers of exploration. ", Breakthrough ,2020-05-20 16:30:00, ScienceEnthusiastDiscoveryMoment , Twitter , #Breakthrough #ScientificDiscovery ,28.0,55.0, Germany ,2020,5,20,16,"['world', 'science', 'breakthrough', 'discovery', 'unfolds', 'pushing', 'boundaries', 'knowledge', 'opening', 'new', 'frontiers', 'exploration']","['world', 'scienc', 'breakthrough', 'discoveri', 'unfold', 'push', 'boundari', 'knowledg', 'open', 'new', 'frontier', 'explor']",0.13636363636363635,Positive
566,570,"Connecting with the melody of a live orchestra, the music enthusiast experiences a symphony that resonates deep within the soul. ", Harmony ,2016-08-22 19:45:00, MusicLoverLiveOrchestraExperience , Facebook , #Harmony #OrchestraMelody ,18.0,35.0, UK ,2016,8,22,19,"['connecting', 'melody', 'live', 'orchestra', 'music', 'enthusiast', 'experiences', 'symphony', 'resonates', 'deep', 'within', 'soul']","['connect', 'melodi', 'live', 'orchestra', 'music', 'enthusiast', 'experi', 'symphoni', 'reson', 'deep', 'within', 'soul']",0.06818181818181818,Neutral
567,571,"Embracing the aroma of freshly baked bread, the home chef finds joy in the art of baking, creating delicious memories for loved ones. ", Joy in Baking ,2023-04-10 17:15:00, HomeBakerDeliciousMemories , Instagram , #JoyInBaking #HomemadeDelights ,22.0,45.0, India ,2023,4,10,17,"['embracing', 'aroma', 'freshly', 'baked', 'bread', 'home', 'chef', 'finds', 'joy', 'art', 'baking', 'creating', 'delicious', 'memories', 'loved', 'ones']","['embrac', 'aroma', 'freshli', 'bake', 'bread', 'home', 'chef', 'find', 'joy', 'art', 'bake', 'creat', 'delici', 'memori', 'love', 'one']",0.7,Positive
568,572,"Wandering through a historical museum, the history enthusiast becomes immersed in the tales of the past, envisioning bygone eras. ", Envisioning History ,2015-12-18 18:00:00, HistoryBuffMuseumExploration , Twitter , #EnvisioningHistory #MuseumTales ,28.0,55.0, Italy ,2015,12,18,18,"['wandering', 'historical', 'museum', 'history', 'enthusiast', 'becomes', 'immersed', 'tales', 'past', 'envisioning', 'bygone', 'eras']","['wander', 'histor', 'museum', 'histori', 'enthusiast', 'becom', 'immers', 'tale', 'past', 'envis', 'bygon', 'era']",-0.125,Negative
569,573,"In the realm of literature, a captivating novel transports the reader to distant lands, weaving a tapestry of imagination and escape. ", Imagination ,2021-10-08 20:30:00, BookwormCaptivatingNovelEscape , Facebook , #Imagination #LiteraryEscape ,35.0,70.0, Japan ,2021,10,8,20,"['realm', 'literature', 'captivating', 'novel', 'transports', 'reader', 'distant', 'lands', 'weaving', 'tapestry', 'imagination', 'escape']","['realm', 'literatur', 'captiv', 'novel', 'transport', 'reader', 'distant', 'land', 'weav', 'tapestri', 'imagin', 'escap']",0.2,Positive
570,574,"Capturing the essence of a bustling market, the photographer freezes moments in time, each frame telling a unique and vibrant story. ", Vibrancy ,2019-03-22 21:45:00, PhotographyEnthusiastMarketMoments , Instagram , #Vibrancy #MarketStories ,22.0,45.0, Australia ,2019,3,22,21,"['capturing', 'essence', 'bustling', 'market', 'photographer', 'freezes', 'moments', 'time', 'frame', 'telling', 'unique', 'vibrant', 'story']","['captur', 'essenc', 'bustl', 'market', 'photograph', 'freez', 'moment', 'time', 'frame', 'tell', 'uniqu', 'vibrant', 'stori']",0.2708333333333333,Positive
571,575,"Underneath the city lights, the dancer expresses emotions through graceful movements, creating a mesmerizing performance under the night sky. ", Mesmerizing ,2018-06-15 22:00:00, DanceEnthusiastCityNightPerformance , Twitter , #Mesmerizing #NightDancePerformance ,40.0,80.0, USA ,2018,6,15,22,"['underneath', 'city', 'lights', 'dancer', 'expresses', 'emotions', 'graceful', 'movements', 'creating', 'mesmerizing', 'performance', 'night', 'sky']","['underneath', 'citi', 'light', 'dancer', 'express', 'emot', 'grace', 'movement', 'creat', 'mesmer', 'perform', 'night', 'sky']",0.3,Positive
572,576,"In the heart of a bustling market, the street food connoisseur indulges in a culinary adventure, savoring diverse flavors and aromas. ", Culinary Adventure ,2019-08-28 19:30:00, FoodieMarketStreetFoodExploration , Instagram , #CulinaryAdventure #StreetFoodDelights ,35.0,70.0, Thailand ,2019,8,28,19,"['heart', 'bustling', 'market', 'street', 'food', 'connoisseur', 'indulges', 'culinary', 'adventure', 'savoring', 'diverse', 'flavors', 'aromas']","['heart', 'bustl', 'market', 'street', 'food', 'connoisseur', 'indulg', 'culinari', 'adventur', 'savor', 'divers', 'flavor', 'aroma']",0.0,Neutral
573,577,"As the first snowflake descends, the winter enthusiast eagerly prepares for a season of frosty delights, anticipating the magic of snow-covered landscapes. ", Winter Magic ,2022-12-01 17:45:00, SnowLoverWinterEnthusiast , Facebook , #WinterMagic #SnowyLandscapes ,30.0,60.0, Canada ,2022,12,1,17,"['first', 'snowflake', 'descends', 'winter', 'enthusiast', 'eagerly', 'prepares', 'season', 'frosty', 'delights', 'anticipating', 'magic', 'snow', 'covered', 'landscapes']","['first', 'snowflak', 'descend', 'winter', 'enthusiast', 'eagerli', 'prepar', 'season', 'frosti', 'delight', 'anticip', 'magic', 'snow', 'cover', 'landscap']",0.375,Positive
574,578,"Amidst the pages of a captivating mystery novel, the reader unravels clues and secrets, experiencing a thrilling journey of suspense and revelation. ", Thrilling Journey ,2017-04-10 21:15:00, MysteryBookwormSuspensefulRead , Twitter , #ThrillingJourney #MysteryNovel ,22.0,45.0, UK ,2017,4,10,21,"['amidst', 'pages', 'captivating', 'mystery', 'novel', 'reader', 'unravels', 'clues', 'secrets', 'experiencing', 'thrilling', 'journey', 'suspense', 'revelation']","['amidst', 'page', 'captiv', 'mysteri', 'novel', 'reader', 'unravel', 'clue', 'secret', 'experienc', 'thrill', 'journey', 'suspens', 'revel']",0.375,Positive
575,579,"Surrounded by the vibrant colors of a flower garden, the gardener nurtures blossoms, finding joy in the beauty of nature's ever-changing canvas. ", Nature's Beauty ,2020-05-15 18:30:00, GardeningEnthusiastFlowerGarden , Instagram , #NaturesBeauty #FloralJoy ,28.0,55.0, Australia ,2020,5,15,18,"['surrounded', 'vibrant', 'colors', 'flower', 'garden', 'gardener', 'nurtures', 'blossoms', 'finding', 'joy', 'beauty', 'nature', 'ever', 'changing', 'canvas']","['surround', 'vibrant', 'color', 'flower', 'garden', 'garden', 'nurtur', 'blossom', 'find', 'joy', 'beauti', 'natur', 'ever', 'chang', 'canva']",0.48333333333333334,Positive
576,580,"At the astronomy observatory, the stargazer marvels at the vastness of the cosmos, contemplating the mysteries hidden within the celestial expanse. ", Celestial Wonder ,2016-09-22 20:00:00, AstronomyEnthusiastStargazing , Facebook , #CelestialWonder #Stargazing ,18.0,35.0, USA ,2016,9,22,20,"['astronomy', 'observatory', 'stargazer', 'marvels', 'vastness', 'cosmos', 'contemplating', 'mysteries', 'hidden', 'within', 'celestial', 'expanse']","['astronomi', 'observatori', 'stargaz', 'marvel', 'vast', 'cosmo', 'contempl', 'mysteri', 'hidden', 'within', 'celesti', 'expans']",-0.16666666666666666,Negative
577,581,"Engulfed in the aroma of freshly brewed coffee, the writer finds inspiration in every sip, embarking on a journey of creativity and prose. ", Creative Inspiration ,2023-02-12 19:45:00, CoffeeLoverWritersRetreat , Twitter , #CreativeInspiration #CoffeeJourney ,22.0,45.0, France ,2023,2,12,19,"['engulfed', 'aroma', 'freshly', 'brewed', 'coffee', 'writer', 'finds', 'inspiration', 'every', 'sip', 'embarking', 'journey', 'creativity', 'prose']","['engulf', 'aroma', 'freshli', 'brew', 'coffe', 'writer', 'find', 'inspir', 'everi', 'sip', 'embark', 'journey', 'creativ', 'prose']",0.3,Positive
578,582,"In the realm of fashion, the designer unveils a collection that tells a story, blending innovation and tradition on the runway of creativity. ", Runway Creativity ,2015-11-10 21:00:00, FashionEnthusiastDesignerShowcase , Instagram , #RunwayCreativity #FashionInnovation ,28.0,55.0, Italy ,2015,11,10,21,"['realm', 'fashion', 'designer', 'unveils', 'collection', 'tells', 'story', 'blending', 'innovation', 'tradition', 'runway', 'creativity']","['realm', 'fashion', 'design', 'unveil', 'collect', 'tell', 'stori', 'blend', 'innov', 'tradit', 'runway', 'creativ']",0.0,Neutral
579,583,"As the waves crash against the shore, the surfer embraces the thrill of riding the ocean's energy, capturing the essence of freedom in each wave. ", Ocean's Freedom ,2021-07-20 18:15:00, SurfingEnthusiastWaveRider , Facebook , #OceansFreedom #SurfingThrills ,22.0,45.0, Brazil ,2021,7,20,18,"['waves', 'crash', 'shore', 'surfer', 'embraces', 'thrill', 'riding', 'ocean', 'energy', 'capturing', 'essence', 'freedom', 'wave']","['wave', 'crash', 'shore', 'surfer', 'embrac', 'thrill', 'ride', 'ocean', 'energi', 'captur', 'essenc', 'freedom', 'wave']",0.0,Neutral
580,584,"Exploring the historical architecture of an ancient city, the traveler is transported to a bygone era, where each monument whispers tales of the past. ", Whispers of the Past ,2019-04-18 20:30:00, HistoryExplorerAncientCityTour , Twitter , #WhispersOfThePast #HistoricalTour ,35.0,70.0, Greece ,2019,4,18,20,"['exploring', 'historical', 'architecture', 'ancient', 'city', 'traveler', 'transported', 'bygone', 'era', 'where', 'monument', 'whispers', 'tales', 'past']","['explor', 'histor', 'architectur', 'ancient', 'citi', 'travel', 'transport', 'bygon', 'era', 'where', 'monument', 'whisper', 'tale', 'past']",-0.125,Negative
581,585,Successfully avoided eye contact with my crush in the hallway. Mission accomplished. #TeenCrush #StealthMode , Excitement ,2023-05-20 19:45:00, CrushAvoider , Twitter , #CrushStruggles #AvoidingEyeContact ,15.0,30.0, USA,2023,5,20,19,"['successfully', 'avoided', 'eye', 'contact', 'crush', 'hallway', 'mission', 'accomplished', 'teencrush', 'stealthmode']","['success', 'avoid', 'eye', 'contact', 'crush', 'hallway', 'mission', 'accomplish', 'teencrush', 'stealthmod']",0.475,Positive
582,586,Ran out of snacks during a movie marathon. Crisis level: Emergency! #MovieNightStruggles #TeenProblems , Boredom ,2023-05-21 21:00:00, MovieBuff , Instagram , #SnackCrisis #TeenLife ,18.0,35.0, Canada,2023,5,21,21,"['ran', 'snacks', 'movie', 'marathon', 'crisis', 'level', 'emergency', 'movienightstruggles', 'teenproblems']","['ran', 'snack', 'movi', 'marathon', 'crisi', 'level', 'emerg', 'movienightstruggl', 'teenproblem']",0.0,Neutral
583,587,Spent an hour choosing the perfect filter for a selfie. The struggle for that Instagram aesthetic is real. #SelfieQueen #TeenVibes , Joy ,2023-05-22 14:30:00, SelfieAddict , Facebook , #SelfieStruggle #TeenConfessions ,22.0,45.0, UK,2023,5,22,14,"['spent', 'hour', 'choosing', 'perfect', 'filter', 'selfie', 'struggle', 'instagram', 'aesthetic', 'real', 'selfiequeen', 'teenvibes']","['spent', 'hour', 'choos', 'perfect', 'filter', 'selfi', 'struggl', 'instagram', 'aesthet', 'real', 'selfiequeen', 'teenvib']",0.3666666666666667,Positive
584,588,Lost my headphones again. How do they vanish into thin air? #HeadphoneMystery #TeenLife , Frustration ,2023-05-23 16:45:00, AudioExplorer , Twitter , #TeenProblems #LostHeadphones ,20.0,40.0, USA,2023,5,23,16,"['lost', 'headphones', 'how', 'vanish', 'thin', 'air', 'headphonemystery', 'teenlife']","['lost', 'headphon', 'how', 'vanish', 'thin', 'air', 'headphonemysteri', 'teenlif']",-0.4,Negative
585,589,Decided to study for exams but ended up making memes about studying instead. Procrastination level: Expert. #ProcrastinationNation #TeenConfessions , Surprise ,2023-05-24 13:15:00, MemeCreator , Instagram , #StudyingMemes #TeenLife ,25.0,50.0, Canada,2023,5,24,13,"['decided', 'study', 'exams', 'ended', 'making', 'memes', 'studying', 'instead', 'procrastination', 'level', 'expert', 'procrastinationnation', 'teenconfessions']","['decid', 'studi', 'exam', 'end', 'make', 'meme', 'studi', 'instead', 'procrastin', 'level', 'expert', 'procrastinationn', 'teenconfess']",0.0,Neutral
586,590,"Got dressed for the day, then remembered it's Saturday. Oops. #WeekendVibes #TeenStruggles ", Indifference ,2023-05-25 19:00:00, FashionBlunder , Facebook , #WeekendOops #TeenFashion ,20.0,40.0, USA,2023,5,25,19,"['got', 'dressed', 'day', 'remembered', 'saturday', 'oops', 'weekendvibes', 'teenstruggles']","['got', 'dress', 'day', 'rememb', 'saturday', 'oop', 'weekendvib', 'teenstruggl']",0.0,Neutral
587,591,Survived a group project without any drama. Miracles do happen. #GroupProjectSuccess #TeenAchievements , Satisfaction ,2023-05-26 14:20:00, GroupGenius , Twitter , #TeenSuccess #ProjectMiracle ,28.0,55.0, UK,2023,5,26,14,"['survived', 'group', 'project', 'without', 'drama', 'miracles', 'happen', 'groupprojectsuccess', 'teenachievements']","['surviv', 'group', 'project', 'without', 'drama', 'miracl', 'happen', 'groupprojectsuccess', 'teenachiev']",0.0,Neutral
588,592,"Entered the kitchen with the intention to cook. Left with a bag of chips. Cooking is overrated, anyway. #MasterChefInTraining #TeenHumor ", Disgust ,2023-05-27 21:15:00, ChipExplorer , Instagram , #TeenChef #CookingFail ,22.0,45.0, Canada,2023,5,27,21,"['entered', 'kitchen', 'intention', 'cook', 'left', 'bag', 'chips', 'cooking', 'overrated', 'anyway', 'masterchefintraining', 'teenhumor']","['enter', 'kitchen', 'intent', 'cook', 'left', 'bag', 'chip', 'cook', 'overr', 'anyway', 'masterchefintrain', 'teenhumor']",0.0,Neutral
589,593,"Staring at the clock in class, waiting for the bell to ring like it's the most exciting event of the day. #ClassCountdown #TeenLife ", Surprise ,2023-05-28 12:00:00, ExcitementSeeker , Facebook , #ClassEvent #TeenExcitement ,18.0,35.0, USA,2023,5,28,12,"['staring', 'clock', 'class', 'waiting', 'bell', 'ring', 'like', 'exciting', 'event', 'day', 'classcountdown', 'teenlife']","['stare', 'clock', 'class', 'wait', 'bell', 'ring', 'like', 'excit', 'event', 'day', 'classcountdown', 'teenlif']",0.4,Positive
590,594,"Discovered a new book series and spent the whole night reading. Who needs sleep, anyway? #BookwormLife #LateNightReading ", Joy ,2023-05-29 23:30:00, NightReader , Twitter , #BookDiscoveries #TeenReading ,30.0,60.0, UK,2023,5,29,23,"['discovered', 'new', 'book', 'series', 'spent', 'whole', 'night', 'reading', 'needs', 'sleep', 'anyway', 'bookwormlife', 'latenightreading']","['discov', 'new', 'book', 'seri', 'spent', 'whole', 'night', 'read', 'need', 'sleep', 'anyway', 'bookwormlif', 'latenightread']",0.07878787878787878,Neutral
591,595,"Bought a new video game, played for hours, forgot to eat. The ultimate gaming session. #GamerLife #NoFoodGaming ", Excitement ,2023-05-30 20:45:00, GamingEnthusiast , Instagram , #GameOn #TeenGamer ,22.0,45.0, USA,2023,5,30,20,"['bought', 'new', 'video', 'game', 'played', 'hours', 'forgot', 'eat', 'ultimate', 'gaming', 'session', 'gamerlife', 'nofoodgaming']","['bought', 'new', 'video', 'game', 'play', 'hour', 'forgot', 'eat', 'ultim', 'game', 'session', 'gamerlif', 'nofoodgam']",-0.08787878787878789,Neutral
592,596,Spent the day binge-watching a new series. Productivity level: Zero. #LazyDay #TVSeriesMarathon , Joy ,2023-05-31 15:30:00, LazyWatcher , Facebook , #BingeWatchDay #TeenLife ,35.0,70.0, Canada,2023,5,31,15,"['spent', 'day', 'binge', 'watching', 'new', 'series', 'productivity', 'level', 'zero', 'lazyday', 'tvseriesmarathon']","['spent', 'day', 'bing', 'watch', 'new', 'seri', 'product', 'level', 'zero', 'lazyday', 'tvseriesmarathon']",0.018181818181818174,Neutral
593,597,Caught up on the latest fashion trends and now planning a shopping spree. #Fashionista #TrendyTeen , Excitement ,2023-06-01 18:00:00, TrendExplorer , Twitter , #FashionGoals #TeenStyle ,20.0,40.0, USA,2023,6,1,18,"['caught', 'latest', 'fashion', 'trends', 'planning', 'shopping', 'spree', 'fashionista', 'trendyteen']","['caught', 'latest', 'fashion', 'trend', 'plan', 'shop', 'spree', 'fashionista', 'trendyteen']",0.5,Positive
594,598,Decided to learn a new instrument. Day one: Still trying to figure out how to hold it. #MusicNovice #LearningJourney , Frustration ,2023-06-02 14:30:00, MusicalExplorer , Instagram , #InstrumentLearning #TeenMusic ,28.0,55.0, UK,2023,6,2,14,"['decided', 'learn', 'new', 'instrument', 'day', 'one', 'still', 'trying', 'figure', 'how', 'hold', 'musicnovice', 'learningjourney']","['decid', 'learn', 'new', 'instrument', 'day', 'one', 'still', 'tri', 'figur', 'how', 'hold', 'musicnovic', 'learningjourney']",0.13636363636363635,Positive
595,599,Spent hours creating the perfect playlist for every mood. Music is my therapy. #PlaylistMaker #TeenMusicLover , Joy ,2023-06-03 21:15:00, MusicAficionado , Facebook , #MusicTherapy #TeenPlaylist ,22.0,45.0, Canada,2023,6,3,21,"['spent', 'hours', 'creating', 'perfect', 'playlist', 'every', 'mood', 'music', 'therapy', 'playlistmaker', 'teenmusiclover']","['spent', 'hour', 'creat', 'perfect', 'playlist', 'everi', 'mood', 'music', 'therapi', 'playlistmak', 'teenmusiclov']",0.45,Positive
596,600,Successfully cooked a gourmet meal for the family. Chef skills unlocked! #ChefMode #TeenChef , Pride ,2023-06-04 19:30:00, HomeChef , Twitter , #CookingSuccess #TeenCook ,25.0,50.0, USA,2023,6,4,19,"['successfully', 'cooked', 'gourmet', 'meal', 'family', 'chef', 'skills', 'unlocked', 'chefmode', 'teenchef']","['success', 'cook', 'gourmet', 'meal', 'famili', 'chef', 'skill', 'unlock', 'chefmod', 'teenchef']",0.9375,Positive
597,601,Spontaneously booked a weekend getaway. Adventure awaits! #TravelBug #WeekendEscape , Excitement ,2023-06-05 10:00:00, AdventureSeeker , Instagram , #GetawayGoals #TeenTravel ,18.0,35.0, UK,2023,6,5,10,"['spontaneously', 'booked', 'weekend', 'getaway', 'adventure', 'awaits', 'travelbug', 'weekendescape']","['spontan', 'book', 'weekend', 'getaway', 'adventur', 'await', 'travelbug', 'weekendescap']",0.75,Positive
598,602,Attended a concert and danced the night away. Music is the heartbeat of life. #ConcertVibes #DanceAllNight , Joy ,2023-06-06 22:30:00, DanceEnthusiast , Facebook , #MusicMagic #TeenConcert ,28.0,55.0, Canada,2023,6,6,22,"['attended', 'concert', 'danced', 'night', 'away', 'music', 'heartbeat', 'life', 'concertvibes', 'danceallnight']","['attend', 'concert', 'danc', 'night', 'away', 'music', 'heartbeat', 'life', 'concertvib', 'danceallnight']",0.0,Neutral
599,603,Rediscovered childhood cartoons and had a nostalgia-filled marathon. #CartoonNostalgia #TeenMemories , Joy ,2023-06-07 12:45:00, NostalgiaExplorer , Twitter , #ChildhoodMemories #TeenCartoons ,22.0,45.0, USA,2023,6,7,12,"['rediscovered', 'childhood', 'cartoons', 'nostalgia', 'filled', 'marathon', 'cartoonnostalgia', 'teenmemories']","['rediscov', 'childhood', 'cartoon', 'nostalgia', 'fill', 'marathon', 'cartoonnostalgia', 'teenmemori']",0.0,Neutral
600,604,Embarked on a DIY home decor project. Let's hope it turns out better than last time. #DIYAdventure #TeenHomeDecor , Excitement ,2023-06-08 16:00:00, HomeDecorator , Instagram , #DIYGoals #TeenCreative ,35.0,70.0, UK,2023,6,8,16,"['embarked', 'diy', 'home', 'decor', 'project', 'let', 'hope', 'turns', 'better', 'last', 'time', 'diyadventure', 'teenhomedecor']","['embark', 'diy', 'home', 'decor', 'project', 'let', 'hope', 'turn', 'better', 'last', 'time', 'diyadventur', 'teenhomedecor']",0.25,Positive
601,605,"Spent the afternoon at a museum, pretending to be cultured. Art enthusiast in the making. #MuseumDay #TeenArtLover ", Curiosity ,2023-06-09 14:00:00, ArtExplorer , Facebook , #CulturalDay #TeenCuriosity ,20.0,40.0, USA,2023,6,9,14,"['spent', 'afternoon', 'museum', 'pretending', 'cultured', 'art', 'enthusiast', 'making', 'museumday', 'teenartlover']","['spent', 'afternoon', 'museum', 'pretend', 'cultur', 'art', 'enthusiast', 'make', 'museumday', 'teenartlov']",-0.1,Neutral
602,606,Started a blog about random thoughts and musings. Blogging is the new diary. #BloggerLife #TeenBlogger , Curiosity ,2023-06-10 17:30:00, ThoughtfulBlogger , Twitter , #BloggingJourney #TeenThoughts ,30.0,60.0, Canada,2023,6,10,17,"['started', 'blog', 'random', 'thoughts', 'musings', 'blogging', 'new', 'diary', 'bloggerlife', 'teenblogger']","['start', 'blog', 'random', 'thought', 'muse', 'blog', 'new', 'diari', 'bloggerlif', 'teenblogg']",-0.18181818181818182,Negative
603,607,Relishing a peaceful afternoon with a classic novel. Quiet moments are the best moments. #BookLover #PeacefulAfternoon , Contentment ,2023-06-11 15:30:00, NovelEnthusiast , Instagram , #QuietMoments #BookishEscape ,35.0,70.0, USA,2023,6,11,15,"['relishing', 'peaceful', 'afternoon', 'classic', 'novel', 'quiet', 'moments', 'best', 'moments', 'booklover', 'peacefulafternoon']","['relish', 'peac', 'afternoon', 'classic', 'novel', 'quiet', 'moment', 'best', 'moment', 'booklov', 'peacefulafternoon']",0.35416666666666663,Positive
604,608,"Reflecting on a lifetime of memories, each wrinkle tells a story. Embracing the beauty of aging. #LifeReflections #BeautyInAging ", Gratitude ,2023-06-12 18:00:00, WiseSoul , Twitter , #AgingGracefully #Memories ,28.0,55.0, UK,2023,6,12,18,"['reflecting', 'lifetime', 'memories', 'wrinkle', 'tells', 'story', 'embracing', 'beauty', 'aging', 'lifereflections', 'beautyinaging']","['reflect', 'lifetim', 'memori', 'wrinkl', 'tell', 'stori', 'embrac', 'beauti', 'age', 'lifereflect', 'beautyinag']",0.0,Neutral
605,609,Exploring the world of digital art. It's never too late to discover new passions. #DigitalArtistry #LateBloomer , Curiosity ,2023-06-13 14:45:00, ArtAdventurer , Facebook , #ArtDiscovery #SeniorArtist ,22.0,45.0, Canada,2023,6,13,14,"['exploring', 'world', 'digital', 'art', 'never', 'late', 'discover', 'new', 'passions', 'digitalartistry', 'latebloomer']","['explor', 'world', 'digit', 'art', 'never', 'late', 'discov', 'new', 'passion', 'digitalartistri', 'latebloom']",-0.05454545454545454,Neutral
606,610,Savoring the flavors of a home-cooked meal. Simple joys are the heart of happiness. #HomeCooking #SimpleJoys , Contentment ,2023-06-14 19:30:00, HomeChefSenior , Instagram , #HappinessInFood #SeniorLife ,25.0,50.0, USA,2023,6,14,19,"['savoring', 'flavors', 'home', 'cooked', 'meal', 'simple', 'joys', 'heart', 'happiness', 'homecooking', 'simplejoys']","['savor', 'flavor', 'home', 'cook', 'meal', 'simpl', 'joy', 'heart', 'happi', 'homecook', 'simplejoy']",0.35,Positive
607,611,Embarking on a journey of learning a new language. The mind stays young with every new word. #LanguageLearning #NeverTooLate , Curiosity ,2023-06-15 12:15:00, LinguisticExplorer , Twitter , #MindEnrichment #SeniorLearning ,30.0,60.0, UK,2023,6,15,12,"['embarking', 'journey', 'learning', 'new', 'language', 'mind', 'stays', 'young', 'every', 'new', 'word', 'languagelearning', 'nevertoolate']","['embark', 'journey', 'learn', 'new', 'languag', 'mind', 'stay', 'young', 'everi', 'new', 'word', 'languagelearn', 'nevertool']",0.12424242424242422,Positive
608,612,"Attended a classical music concert, feeling the timeless melodies resonate. Music transcends generations. #ClassicalMusic #TimelessMelodies ", Joy ,2023-06-16 21:45:00, MusicConnoisseur , Facebook , #MusicLover #SeniorConcert ,18.0,35.0, Canada,2023,6,16,21,"['attended', 'classical', 'music', 'concert', 'feeling', 'timeless', 'melodies', 'resonate', 'music', 'transcends', 'generations', 'classicalmusic', 'timelessmelodies']","['attend', 'classic', 'music', 'concert', 'feel', 'timeless', 'melodi', 'reson', 'music', 'transcend', 'gener', 'classicalmus', 'timelessmelodi']",0.0,Neutral
609,613,Capturing the beauty of nature through photography. Every snapshot is a treasure. #NaturePhotography #SeniorPhotographer , Joy ,2023-06-17 15:00:00, PhotographySenior , Instagram , #NatureCapture #SeniorMoments ,35.0,70.0, USA,2023,6,17,15,"['capturing', 'beauty', 'nature', 'photography', 'every', 'snapshot', 'treasure', 'naturephotography', 'seniorphotographer']","['captur', 'beauti', 'natur', 'photographi', 'everi', 'snapshot', 'treasur', 'naturephotographi', 'seniorphotograph']",0.0,Neutral
610,614,"Reconnecting with old friends over a cup of tea. Friendship, the true essence of companionship. #OldFriends #Companionship ", Contentment ,2023-06-18 11:30:00, TeaTimeSenior , Twitter , #FriendshipGoals #SeniorBonding ,28.0,55.0, UK,2023,6,18,11,"['reconnecting', 'old', 'friends', 'cup', 'tea', 'friendship', 'true', 'essence', 'companionship', 'oldfriends', 'companionship']","['reconnect', 'old', 'friend', 'cup', 'tea', 'friendship', 'true', 'essenc', 'companionship', 'oldfriend', 'companionship']",0.22499999999999998,Positive
611,615,"Embarked on a road trip to revisit cherished places from the past. Nostalgia, the ultimate travel companion. #RoadTrip #NostalgiaTour ", Joy ,2023-06-19 16:30:00, RoadTripSenior , Facebook , #CherishedPlaces #SeniorTravel ,22.0,45.0, Canada,2023,6,19,16,"['embarked', 'road', 'trip', 'revisit', 'cherished', 'places', 'past', 'nostalgia', 'ultimate', 'travel', 'companion', 'roadtrip', 'nostalgiatour']","['embark', 'road', 'trip', 'revisit', 'cherish', 'place', 'past', 'nostalgia', 'ultim', 'travel', 'companion', 'roadtrip', 'nostalgiatour']",-0.125,Negative
612,616,"Joined a community choir, harmonizing with fellow voices. Music creates bonds that withstand time. #CommunityChoir #HarmonyInAging ", Joy ,2023-06-20 14:20:00, ChoirEnthusiast , Instagram , #MusicHarmony #SeniorVoices ,20.0,40.0, USA,2023,6,20,14,"['joined', 'community', 'choir', 'harmonizing', 'fellow', 'voices', 'music', 'creates', 'bonds', 'withstand', 'time', 'communitychoir', 'harmonyinaging']","['join', 'commun', 'choir', 'harmon', 'fellow', 'voic', 'music', 'creat', 'bond', 'withstand', 'time', 'communitychoir', 'harmonyinag']",0.0,Neutral
613,617,"Exploring the art of meditation, finding tranquility in the stillness of the mind. #MeditationJourney #TranquilMind ", Contentment ,2023-06-21 19:00:00, MeditationSenior , Twitter , #MindfulLiving #SeniorCalm ,18.0,35.0, UK,2023,6,21,19,"['exploring', 'art', 'meditation', 'finding', 'tranquility', 'stillness', 'mind', 'meditationjourney', 'tranquilmind']","['explor', 'art', 'medit', 'find', 'tranquil', 'still', 'mind', 'meditationjourney', 'tranquilmind']",0.0,Neutral
614,618,"Taking a stroll in the garden, appreciating the beauty of blooming flowers. Nature's wonders never cease. #GardenWalk #FloralBeauty ", Contentment ,2023-06-22 13:45:00, GardenEnthusiast , Facebook , #NatureWonders #SeniorGarden ,25.0,50.0, USA,2023,6,22,13,"['taking', 'stroll', 'garden', 'appreciating', 'beauty', 'blooming', 'flowers', 'nature', 'wonders', 'never', 'cease', 'gardenwalk', 'floralbeauty']","['take', 'stroll', 'garden', 'appreci', 'beauti', 'bloom', 'flower', 'natur', 'wonder', 'never', 'ceas', 'gardenwalk', 'floralbeauti']",0.0,Neutral
615,619,"Sipping on a favorite vintage wine, each sip telling a story of the years gone by. Cheers to a life well-lived. #WineLover #VintageCheers ", Contentment ,2023-06-23 18:45:00, WineConnoisseur , Instagram , #LifeWellLived #SeniorWine ,28.0,55.0, UK,2023,6,23,18,"['sipping', 'favorite', 'vintage', 'wine', 'sip', 'telling', 'story', 'years', 'gone', 'cheers', 'life', 'well', 'lived', 'winelover', 'vintagecheers']","['sip', 'favorit', 'vintag', 'wine', 'sip', 'tell', 'stori', 'year', 'gone', 'cheer', 'life', 'well', 'live', 'winelov', 'vintagech']",0.5,Positive
616,620,"Participated in a community art class, unleashing creativity in the golden years. Art has no age limit. #ArtClass #SeniorArtistry ", Joy ,2023-06-24 16:15:00, ArtisticSenior , Twitter , #CreativityAtAnyAge #SeniorCreativity ,22.0,45.0, Canada,2023,6,24,16,"['participated', 'community', 'art', 'class', 'unleashing', 'creativity', 'golden', 'years', 'art', 'age', 'limit', 'artclass', 'seniorartistry']","['particip', 'commun', 'art', 'class', 'unleash', 'creativ', 'golden', 'year', 'art', 'age', 'limit', 'artclass', 'seniorartistri']",0.3,Positive
617,621,"Embarking on a journey of writing a memoir, documenting a lifetime of experiences. Every story matters. #MemoirWriting #SeniorStories ", Gratitude ,2023-06-25 20:30:00, MemoiristSenior , Facebook , #LifetimeExperiences #SeniorMemoir ,35.0,70.0, USA,2023,6,25,20,"['embarking', 'journey', 'writing', 'memoir', 'documenting', 'lifetime', 'experiences', 'every', 'story', 'matters', 'memoirwriting', 'seniorstories']","['embark', 'journey', 'write', 'memoir', 'document', 'lifetim', 'experi', 'everi', 'stori', 'matter', 'memoirwrit', 'seniorstori']",0.0,Neutral
618,622,"Attended a lecture on history, always fascinated by the lessons from the past. Learning is a lifelong adventure. #HistoryLecture #SeniorLearning ", Curiosity ,2023-06-26 14:00:00, HistoryEnthusiast , Instagram , #LifetimeAdventure #SeniorCuriosity ,30.0,60.0, UK,2023,6,26,14,"['attended', 'lecture', 'history', 'always', 'fascinated', 'lessons', 'past', 'learning', 'lifelong', 'adventure', 'historylecture', 'seniorlearning']","['attend', 'lectur', 'histori', 'alway', 'fascin', 'lesson', 'past', 'learn', 'lifelong', 'adventur', 'historylectur', 'seniorlearn']",-0.175,Negative
619,623,"Rediscovered the joy of cooking traditional family recipes. The kitchen, a place of cherished memories. #FamilyRecipes #SeniorCooking ", Contentment ,2023-06-27 17:45:00, FamilyChefSenior , Twitter , #KitchenMemories #SeniorCulinary ,20.0,40.0, USA,2023,6,27,17,"['rediscovered', 'joy', 'cooking', 'traditional', 'family', 'recipes', 'kitchen', 'place', 'cherished', 'memories', 'familyrecipes', 'seniorcooking']","['rediscov', 'joy', 'cook', 'tradit', 'famili', 'recip', 'kitchen', 'place', 'cherish', 'memori', 'familyrecip', 'seniorcook']",0.4,Positive
620,624,"Joined a nature photography club, capturing the beauty of the great outdoors. Every click is a connection to nature. #NaturePhotography #SeniorPhotographer ", Joy ,2023-06-28 22:15:00, NaturePhotographySenior , Facebook , #OutdoorBeauty #SeniorClicks ,18.0,35.0, UK,2023,6,28,22,"['joined', 'nature', 'photography', 'club', 'capturing', 'beauty', 'great', 'outdoors', 'every', 'click', 'connection', 'nature', 'naturephotography', 'seniorphotographer']","['join', 'natur', 'photographi', 'club', 'captur', 'beauti', 'great', 'outdoor', 'everi', 'click', 'connect', 'natur', 'naturephotographi', 'seniorphotograph']",0.8,Positive
621,625,"Attended a jazz concert and swayed to the rhythm of timeless tunes. Music, a constant companion in the golden years. #JazzConcert #SeniorMusic ", Joy ,2023-06-29 16:30:00, JazzMusicLover , Instagram , #TimelessTunes #SeniorJazz ,25.0,50.0, USA,2023,6,29,16,"['attended', 'jazz', 'concert', 'swayed', 'rhythm', 'timeless', 'tunes', 'music', 'constant', 'companion', 'golden', 'years', 'jazzconcert', 'seniormusic']","['attend', 'jazz', 'concert', 'sway', 'rhythm', 'timeless', 'tune', 'music', 'constant', 'companion', 'golden', 'year', 'jazzconcert', 'seniormus']",0.15,Positive
622,626,"Joined a writing group, penning down thoughts and reflections. Writing, a journey into the depths of the soul. #WritingGroup #SeniorWriter ", Gratitude ,2023-06-30 19:30:00, SeniorWordsmith , Twitter , #SoulfulWriting #SeniorReflections ,28.0,55.0, UK,2023,6,30,19,"['joined', 'writing', 'group', 'penning', 'thoughts', 'reflections', 'writing', 'journey', 'depths', 'soul', 'writinggroup', 'seniorwriter']","['join', 'write', 'group', 'pen', 'thought', 'reflect', 'write', 'journey', 'depth', 'soul', 'writinggroup', 'seniorwrit']",-0.15555555555555556,Negative
623,627,"Embarked on a solo travel adventure, discovering the beauty of new places at my own pace. #SoloTravel #SeniorExplorer ", Excitement ,2023-07-01 14:00:00, SoloAdventurer , Instagram , #DiscoverNewPlaces #SeniorTravel ,30.0,60.0, USA,2023,7,1,14,"['embarked', 'solo', 'travel', 'adventure', 'discovering', 'beauty', 'new', 'places', 'pace', 'solotravel', 'seniorexplorer']","['embark', 'solo', 'travel', 'adventur', 'discov', 'beauti', 'new', 'place', 'pace', 'solotravel', 'seniorexplor']",0.36818181818181817,Positive
624,628,"Attended a vintage car show, reminiscing about the classics that once ruled the roads. Nostalgia in every rev. #VintageCars #ClassicRides ", Joy ,2023-07-02 18:30:00, CarEnthusiastSenior , Facebook , #RoadTripDownMemoryLane #SeniorCars ,22.0,45.0, UK,2023,7,2,18,"['attended', 'vintage', 'car', 'show', 'reminiscing', 'classics', 'ruled', 'roads', 'nostalgia', 'every', 'rev', 'vintagecars', 'classicrides']","['attend', 'vintag', 'car', 'show', 'reminisc', 'classic', 'rule', 'road', 'nostalgia', 'everi', 'rev', 'vintagecar', 'classicrid']",0.0,Neutral
625,629,"Started a community garden, growing not just plants but friendships too. Green thumbs unite! #CommunityGarden #SeniorGardener ", Joy ,2023-07-03 12:45:00, GreenThumbSenior , Twitter , #GardenFriends #SeniorGreenThumb ,28.0,55.0, Canada,2023,7,3,12,"['started', 'community', 'garden', 'growing', 'plants', 'friendships', 'green', 'thumbs', 'unite', 'communitygarden', 'seniorgardener']","['start', 'commun', 'garden', 'grow', 'plant', 'friendship', 'green', 'thumb', 'unit', 'communitygarden', 'seniorgarden']",-0.25,Negative
626,630,"Hosted a family dinner, where laughter echoed louder than the clinking of utensils. Family, the heart of happiness. #FamilyDinner #SeniorHost ", Contentment ,2023-07-04 17:00:00, FamilyHostSenior , Instagram , #HeartwarmingMoments #SeniorFamily ,35.0,70.0, USA,2023,7,4,17,"['hosted', 'family', 'dinner', 'where', 'laughter', 'echoed', 'louder', 'clinking', 'utensils', 'family', 'heart', 'happiness', 'familydinner', 'seniorhost']","['host', 'famili', 'dinner', 'where', 'laughter', 'echo', 'louder', 'clink', 'utensil', 'famili', 'heart', 'happi', 'familydinn', 'seniorhost']",0.7,Positive
627,631,"Enrolled in a dance class for seniors, moving to the rhythm of life. Age is just a number on the dance floor. #DanceClass #SeniorDancer ", Joy ,2023-07-05 20:15:00, DanceEnthusiastSenior , Twitter , #DanceLife #SeniorMoves ,18.0,35.0, UK,2023,7,5,20,"['enrolled', 'dance', 'class', 'seniors', 'moving', 'rhythm', 'life', 'age', 'number', 'dance', 'floor', 'danceclass', 'seniordancer']","['enrol', 'danc', 'class', 'senior', 'move', 'rhythm', 'life', 'age', 'number', 'danc', 'floor', 'danceclass', 'seniordanc']",0.0,Neutral
628,632,"Visited an art gallery, appreciating the brushstrokes that tell tales of creativity. Art, an eternal companion. #ArtGallery #SeniorArtLover ", Joy ,2023-07-06 14:30:00, ArtGalleryVisitor , Facebook , #CreativeExpressions #SeniorArt ,25.0,50.0, USA,2023,7,6,14,"['visited', 'art', 'gallery', 'appreciating', 'brushstrokes', 'tell', 'tales', 'creativity', 'art', 'eternal', 'companion', 'artgallery', 'seniorartlover']","['visit', 'art', 'galleri', 'appreci', 'brushstrok', 'tell', 'tale', 'creativ', 'art', 'etern', 'companion', 'artgalleri', 'seniorartlov']",0.0,Neutral
629,633,"Started a book club for seniors, where discussions are as lively as the characters in the novels. #BookClub #SeniorReaders ", Joy ,2023-07-07 19:45:00, SeniorBookClub , Instagram , #BookishTalks #SeniorBookworms ,22.0,45.0, UK,2023,7,7,19,"['started', 'book', 'club', 'seniors', 'where', 'discussions', 'lively', 'characters', 'novels', 'bookclub', 'seniorreaders']","['start', 'book', 'club', 'senior', 'where', 'discuss', 'live', 'charact', 'novel', 'bookclub', 'seniorread']",0.13636363636363635,Positive
630,634,"Hosted a picnic in the park, basking in the warmth of friendship and sunshine. Simple joys, timeless memories. #ParkPicnic #SeniorJoy ", Contentment ,2023-07-08 16:00:00, SeniorPicnicHost , Twitter , #FriendshipSunshine #SeniorMemories ,30.0,60.0, Canada,2023,7,8,16,"['hosted', 'picnic', 'park', 'basking', 'warmth', 'friendship', 'sunshine', 'simple', 'joys', 'timeless', 'memories', 'parkpicnic', 'seniorjoy']","['host', 'picnic', 'park', 'bask', 'warmth', 'friendship', 'sunshin', 'simpl', 'joy', 'timeless', 'memori', 'parkpicn', 'seniorjoy']",0.0,Neutral
631,635,"Participated in a local theater production, proving that the stage belongs to every age. #TheaterProduction #SeniorActor ", Joy ,2023-07-09 22:30:00, SeniorActor , Facebook , #StagePassion #SeniorTheater ,20.0,40.0, USA,2023,7,9,22,"['participated', 'local', 'theater', 'production', 'proving', 'stage', 'belongs', 'every', 'age', 'theaterproduction', 'senioractor']","['particip', 'local', 'theater', 'product', 'prove', 'stage', 'belong', 'everi', 'age', 'theaterproduct', 'senioractor']",0.0,Neutral
632,636,"Embarked on a hiking adventure, conquering trails and relishing the beauty of nature. Age is just a number on the mountaintop. #HikingAdventure #SeniorHiker ", Excitement ,2023-07-10 14:20:00, SeniorHikerExplorer , Instagram , #NatureTrailBlazer #SeniorExplorer ,28.0,55.0, UK,2023,7,10,14,"['embarked', 'hiking', 'adventure', 'conquering', 'trails', 'relishing', 'beauty', 'nature', 'age', 'number', 'mountaintop', 'hikingadventure', 'seniorhiker']","['embark', 'hike', 'adventur', 'conquer', 'trail', 'relish', 'beauti', 'natur', 'age', 'number', 'mountaintop', 'hikingadventur', 'seniorhik']",0.0,Neutral
633,637,Hosted a photography exhibition featuring snapshots of a life well-lived. Every photo has a story to tell. #PhotographyExhibition #SeniorPhotographer , Gratitude ,2023-07-11 18:45:00, SeniorPhotographerExhibitor , Twitter , #LifeInPictures #SeniorExhibition ,22.0,45.0, Canada,2023,7,11,18,"['hosted', 'photography', 'exhibition', 'featuring', 'snapshots', 'life', 'well', 'lived', 'every', 'photo', 'story', 'tell', 'photographyexhibition', 'seniorphotographer']","['host', 'photographi', 'exhibit', 'featur', 'snapshot', 'life', 'well', 'live', 'everi', 'photo', 'stori', 'tell', 'photographyexhibit', 'seniorphotograph']",0.0,Neutral
634,638,"Joined a seniors' cycling club, feeling the wind in my hair and the freedom of the open road. #CyclingClub #SeniorCyclist ", Excitement ,2023-07-12 13:45:00, SeniorCyclingEnthusiast , Facebook , #OpenRoadAdventures #SeniorCycling ,25.0,50.0, USA,2023,7,12,13,"['joined', 'seniors', 'cycling', 'club', 'feeling', 'wind', 'hair', 'freedom', 'open', 'road', 'cyclingclub', 'seniorcyclist']","['join', 'senior', 'cycl', 'club', 'feel', 'wind', 'hair', 'freedom', 'open', 'road', 'cyclingclub', 'seniorcyclist']",0.0,Neutral
635,639,"Attended a wine tasting event, savoring the richness of flavors that age like fine wine. Cheers to the golden years! #WineTasting #SeniorWineLover ", Joy ,2023-07-13 20:00:00, SeniorWineConnoisseur , Instagram , #AgedToPerfection #SeniorCheers ,35.0,70.0, UK,2023,7,13,20,"['attended', 'wine', 'tasting', 'event', 'savoring', 'richness', 'flavors', 'age', 'like', 'fine', 'wine', 'cheers', 'golden', 'years', 'winetasting', 'seniorwinelover']","['attend', 'wine', 'tast', 'event', 'savor', 'rich', 'flavor', 'age', 'like', 'fine', 'wine', 'cheer', 'golden', 'year', 'winetast', 'seniorwinelov']",0.39583333333333337,Positive
636,640,"Started learning ballroom dancing, gliding gracefully across the dance floor. Ageless elegance in every step. #BallroomDancing #SeniorDancer ", Joy ,2023-07-14 16:15:00, SeniorBallroomDancer , Twitter , #GracefulMoves #SeniorDance ,20.0,40.0, USA,2023,7,14,16,"['started', 'learning', 'ballroom', 'dancing', 'gliding', 'gracefully', 'across', 'dance', 'floor', 'ageless', 'elegance', 'every', 'step', 'ballroomdancing', 'seniordancer']","['start', 'learn', 'ballroom', 'danc', 'glide', 'grace', 'across', 'danc', 'floor', 'ageless', 'eleg', 'everi', 'step', 'ballroomdanc', 'seniordanc']",0.0,Neutral
637,641,"Organized a community painting event, turning blank canvases into a masterpiece of shared creativity. #PaintingEvent #SeniorArtist ", Joy ,2023-07-15 19:30:00, SeniorPaintingOrganizer , Facebook , #CommunityArt #SeniorCreativity ,28.0,55.0, Canada,2023,7,15,19,"['organized', 'community', 'painting', 'event', 'turning', 'blank', 'canvases', 'masterpiece', 'shared', 'creativity', 'paintingevent', 'seniorartist']","['organ', 'commun', 'paint', 'event', 'turn', 'blank', 'canvas', 'masterpiec', 'share', 'creativ', 'paintingev', 'seniorartist']",0.0,Neutral
638,642,"Hosted a 'memory lane' evening with old friends, reminiscing about the adventures that shaped our lives. #MemoryLane #SeniorReminiscing ", Gratitude ,2023-07-16 14:00:00, SeniorMemoriesHost , Instagram , #FriendshipAdventures #SeniorNostalgia ,30.0,60.0, USA,2023,7,16,14,"['hosted', 'memory', 'lane', 'evening', 'old', 'friends', 'reminiscing', 'adventures', 'shaped', 'lives', 'memorylane', 'seniorreminiscing']","['host', 'memori', 'lane', 'even', 'old', 'friend', 'reminisc', 'adventur', 'shape', 'live', 'memorylan', 'seniorreminisc']",0.1,Neutral
639,643,"Joined a seniors' astronomy club, stargazing and finding wonder in the vastness of the cosmos. #AstronomyClub #SeniorStargazer ", Curiosity ,2023-07-17 22:15:00, SeniorStargazer , Twitter , #CelestialWonders #SeniorAstronomy ,18.0,35.0, UK,2023,7,17,22,"['joined', 'seniors', 'astronomy', 'club', 'stargazing', 'finding', 'wonder', 'vastness', 'cosmos', 'astronomyclub', 'seniorstargazer']","['join', 'senior', 'astronomi', 'club', 'stargaz', 'find', 'wonder', 'vast', 'cosmo', 'astronomyclub', 'seniorstargaz']",0.0,Neutral
640,644,"Attended a local jazz festival, tapping toes to the tunes that have stood the test of time. Music, a lifelong love affair. #JazzFestival #SeniorMusicLover ", Joy ,2023-07-18 16:30:00, SeniorJazzFestivalGoer , Facebook , #TimelessTunes #SeniorJazz ,25.0,50.0, USA,2023,7,18,16,"['attended', 'local', 'jazz', 'festival', 'tapping', 'toes', 'tunes', 'stood', 'test', 'time', 'music', 'lifelong', 'love', 'affair', 'jazzfestival', 'seniormusiclover']","['attend', 'local', 'jazz', 'festiv', 'tap', 'toe', 'tune', 'stood', 'test', 'time', 'music', 'lifelong', 'love', 'affair', 'jazzfestiv', 'seniormusiclov']",0.13333333333333333,Positive
641,645,"Started a blog sharing the wisdom gained through the years, proving that every day is a chance to learn and grow. #SeniorWisdom #Blog ", Gratitude ,2023-07-19 19:45:00, WisdomBloggerSenior , Instagram , #LifeLessons #SeniorBlog ,22.0,45.0, UK,2023,7,19,19,"['started', 'blog', 'sharing', 'wisdom', 'gained', 'years', 'proving', 'every', 'day', 'chance', 'learn', 'grow', 'seniorwisdom', 'blog']","['start', 'blog', 'share', 'wisdom', 'gain', 'year', 'prove', 'everi', 'day', 'chanc', 'learn', 'grow', 'seniorwisdom', 'blog']",0.0,Neutral
642,646,"Participated in a charity run, proving that age is no barrier to supporting meaningful causes. #CharityRun #SeniorRunner ", Excitement ,2023-07-20 17:00:00, SeniorCharityRunner , Twitter , #RunForACause #SeniorSupport ,30.0,60.0, Canada,2023,7,20,17,"['participated', 'charity', 'run', 'proving', 'age', 'barrier', 'supporting', 'meaningful', 'causes', 'charityrun', 'seniorrunner']","['particip', 'chariti', 'run', 'prove', 'age', 'barrier', 'support', 'meaning', 'caus', 'charityrun', 'seniorrunn']",0.375,Positive
643,647,"Survived a challenging physics exam. Equations, you won't defeat me! ", Relief ,2023-08-01 13:30:00, PhysicsWhizHighSchool , Instagram , #PhysicsSurvivor #HighSchoolAdventures ,20.0,40.0, USA,2023,8,1,13,"['survived', 'challenging', 'physics', 'exam', 'equations', 'won', 'defeat']","['surviv', 'challeng', 'physic', 'exam', 'equat', 'won', 'defeat']",0.625,Positive
644,648,Exploring the world of coding. Debugging is an adventure on its own! #CodingJourney #HighSchoolCoder , Excitement ,2023-08-02 14:45:00, CodeExplorerHighSchool , Twitter , #CodingAdventure #HighSchoolCoderLife ,25.0,50.0, UK,2023,8,2,14,"['exploring', 'world', 'coding', 'debugging', 'adventure', 'codingjourney', 'highschoolcoder']","['explor', 'world', 'code', 'debug', 'adventur', 'codingjourney', 'highschoolcod']",0.75,Positive
645,649,"Joined the school debate team. Words are my weapons, and I'm ready for battle! ", Excitement ,2023-08-03 12:15:00, DebateWarriorHighSchool , Facebook , #DebateWarrior #HighSchoolDebater ,18.0,35.0, Canada,2023,8,3,12,"['joined', 'school', 'debate', 'team', 'words', 'weapons', 'ready', 'battle']","['join', 'school', 'debat', 'team', 'word', 'weapon', 'readi', 'battl']",0.25,Positive
646,650,"Started a photography club at school. Capturing moments, one snapshot at a time! ", Joy ,2023-08-04 16:30:00, PhotoClubHighSchool , Instagram , #PhotographyClub #HighSchoolPhotographer ,22.0,45.0, USA,2023,8,4,16,"['started', 'photography', 'club', 'school', 'capturing', 'moments', 'one', 'snapshot', 'time']","['start', 'photographi', 'club', 'school', 'captur', 'moment', 'one', 'snapshot', 'time']",0.0,Neutral
647,651,"Daydreaming about the upcoming prom. The dress, the dance – it's a fairytale in the making! ", Excitement ,2023-08-05 19:45:00, PromDreamerHighSchool , Twitter , #PromDreams #HighSchoolFairytale ,30.0,60.0, Canada,2023,8,5,19,"['daydreaming', 'upcoming', 'prom', 'dress', 'dance', 'fairytale', 'making']","['daydream', 'upcom', 'prom', 'dress', 'danc', 'fairytal', 'make']",0.0,Neutral
648,652,Convinced the teacher to have class outdoors. Learning equations with a side of fresh air! , Positive ,2023-08-06 14:00:00, OutdoorClassHighSchool , Facebook , #OutdoorClassroom #HighSchoolExplorer ,28.0,55.0, USA,2023,8,6,14,"['convinced', 'teacher', 'class', 'outdoors', 'learning', 'equations', 'side', 'fresh', 'air']","['convinc', 'teacher', 'class', 'outdoor', 'learn', 'equat', 'side', 'fresh', 'air']",0.375,Positive
649,653,"Accidentally spilled paint in art class. Abstract art, right? #ArtClassAdventures #HighSchoolArtist ", Embarrassed ,2023-08-07 19:45:00, PaintSpillHighSchool , Instagram , #ArtisticMishaps #HighSchoolArt ,22.0,45.0, UK,2023,8,7,19,"['accidentally', 'spilled', 'paint', 'art', 'class', 'abstract', 'art', 'right', 'artclassadventures', 'highschoolartist']","['accident', 'spill', 'paint', 'art', 'class', 'abstract', 'art', 'right', 'artclassadventur', 'highschoolartist']",0.2857142857142857,Positive
650,654,Trying to master the perfect kickflip on my skateboard. Skating into the weekend like a pro! , Excitement ,2023-08-08 16:00:00, SkateProHighSchool , Twitter , #SkaterLife #HighSchoolSkater ,30.0,60.0, Canada,2023,8,8,16,"['trying', 'master', 'perfect', 'kickflip', 'skateboard', 'skating', 'weekend', 'like', 'pro']","['tri', 'master', 'perfect', 'kickflip', 'skateboard', 'skate', 'weekend', 'like', 'pro']",1.0,Positive
651,655,Bonding with friends over the latest K-pop sensation. Fangirling at its finest! , Joy ,2023-08-09 22:30:00, KpopFangirlHighSchool , Facebook , #KpopFangirl #HighSchoolMusic ,20.0,40.0, USA,2023,8,9,22,"['bonding', 'friends', 'latest', 'pop', 'sensation', 'fangirling', 'finest']","['bond', 'friend', 'latest', 'pop', 'sensat', 'fangirl', 'finest']",0.625,Positive
652,656,Spent hours perfecting a chemistry experiment. Mixing potions like a wizard! , Joy ,2023-08-10 14:20:00, ChemistryWizardHighSchool , Instagram , #ChemistryWizard #HighSchoolScientist ,28.0,55.0, UK,2023,8,10,14,"['spent', 'hours', 'perfecting', 'chemistry', 'experiment', 'mixing', 'potions', 'like', 'wizard']","['spent', 'hour', 'perfect', 'chemistri', 'experi', 'mix', 'potion', 'like', 'wizard']",-0.125,Negative
653,657,Successfully organized a surprise birthday party for a friend. Party planning expert mode: Achieved! , Joy ,2023-08-11 18:45:00, BirthdayPartyPlannerHighSchool , Twitter , #BirthdayParty #HighSchoolCelebration ,22.0,45.0, Canada,2023,8,11,18,"['successfully', 'organized', 'surprise', 'birthday', 'party', 'friend', 'party', 'planning', 'expert', 'mode', 'achieved']","['success', 'organ', 'surpris', 'birthday', 'parti', 'friend', 'parti', 'plan', 'expert', 'mode', 'achiev']",0.9375,Positive
654,658,"Joined the drama club to unleash my inner actor. Lights, camera, action! ", Excitement ,2023-08-12 13:45:00, DramaClubStarHighSchool , Facebook , #DramaClubStar #HighSchoolActor ,25.0,50.0, USA,2023,8,12,13,"['joined', 'drama', 'club', 'unleash', 'inner', 'actor', 'lights', 'camera', 'action']","['join', 'drama', 'club', 'unleash', 'inner', 'actor', 'light', 'camera', 'action']",0.0625,Neutral
655,659,Got my hands on the latest fantasy novel. Diving into realms of magic and adventure! , Excitement ,2023-08-13 20:00:00, FantasyBookNerdHighSchool , Instagram , #FantasyBookNerd #HighSchoolReader ,35.0,70.0, UK,2023,8,13,20,"['got', 'hands', 'latest', 'fantasy', 'novel', 'diving', 'realms', 'magic', 'adventure']","['got', 'hand', 'latest', 'fantasi', 'novel', 'dive', 'realm', 'magic', 'adventur']",0.5625,Positive
656,660,Mastering the art of the perfect doodle during boring classes. Doodles: A+! , Joy ,2023-08-14 16:15:00, DoodleMasterHighSchool , Twitter , #DoodleMaster #HighSchoolArt ,20.0,40.0, USA,2023,8,14,16,"['mastering', 'art', 'perfect', 'doodle', 'boring', 'classes', 'doodles']","['master', 'art', 'perfect', 'doodl', 'bore', 'class', 'doodl']",0.0,Neutral
657,661,Attempting to break the school record for the longest handstand. Wish me luck! , Excitement ,2023-08-15 19:30:00, HandstandChallengeHighSchool , Facebook , #HandstandChallenge #HighSchoolAthlete ,28.0,55.0, Canada,2023,8,15,19,"['attempting', 'break', 'school', 'record', 'longest', 'handstand', 'wish', 'luck']","['attempt', 'break', 'school', 'record', 'longest', 'handstand', 'wish', 'luck']",0.0,Neutral
658,662,Sneaking snacks into class like a pro. The art of snack-smuggling is a sacred skill! , Mischievous ,2023-08-16 14:00:00, SnackSmugglerHighSchool , Instagram , #SnackSmuggler #HighSchoolSnacks ,30.0,60.0, USA,2023,8,16,14,"['sneaking', 'snacks', 'class', 'like', 'pro', 'art', 'snack', 'smuggling', 'sacred', 'skill']","['sneak', 'snack', 'class', 'like', 'pro', 'art', 'snack', 'smuggl', 'sacr', 'skill']",0.0,Neutral
659,663,Hosting a sleepover with friends this weekend. Preparing for a night of laughter and memories! , Excitement ,2023-08-17 22:15:00, SleepoverHostHighSchool , Twitter , #SleepoverFun #HighSchoolMemories ,18.0,35.0, UK,2023,8,17,22,"['hosting', 'sleepover', 'friends', 'weekend', 'preparing', 'night', 'laughter', 'memories']","['host', 'sleepov', 'friend', 'weekend', 'prepar', 'night', 'laughter', 'memori']",0.0,Neutral
660,664,"Spent hours on a TikTok dance, only to realize I have two left feet. Dance fail: Unleashed! ", Embarrassed ,2023-08-18 16:30:00, TikTokFailHighSchool , Facebook , #DanceFail #HighSchoolTikTok ,25.0,50.0, USA,2023,8,18,16,"['spent', 'hours', 'tiktok', 'dance', 'realize', 'two', 'left', 'feet', 'dance', 'fail', 'unleashed']","['spent', 'hour', 'tiktok', 'danc', 'realiz', 'two', 'left', 'feet', 'danc', 'fail', 'unleash']",-0.18125,Negative
661,665,Accidentally liked my crush's old photo while stalking their profile. Awkward level: Maximum! , Embarrassed ,2023-08-19 19:45:00, SocialMediaBlunderHighSchool , Instagram , #SocialMediaBlunder #HighSchoolAwkward ,22.0,45.0, UK,2023,8,19,19,"['accidentally', 'liked', 'crush', 'old', 'photo', 'stalking', 'profile', 'awkward', 'level', 'maximum']","['accident', 'like', 'crush', 'old', 'photo', 'stalk', 'profil', 'awkward', 'level', 'maximum']",-0.01666666666666668,Neutral
662,666,Tried to impress my crush with a smooth conversation. Ended up spilling my drink. Smooth level: Nonexistent! , Embarrassed ,2023-08-20 17:00:00, CrushFailHighSchool , Twitter , #CrushFail #HighSchoolEmbarrassment ,30.0,60.0, Canada,2023,8,20,17,"['tried', 'impress', 'crush', 'smooth', 'conversation', 'ended', 'spilling', 'drink', 'smooth', 'level', 'nonexistent']","['tri', 'impress', 'crush', 'smooth', 'convers', 'end', 'spill', 'drink', 'smooth', 'level', 'nonexist']",0.45,Positive
663,667,Mastered the art of creating paper airplanes during lecture. Paper planes: Soaring to new heights! , Joy ,2023-08-21 15:45:00, PaperPlaneExpertHighSchool , Instagram , #PaperPlaneExpert #HighSchoolArt ,15.0,30.0, USA,2023,8,21,15,"['mastered', 'art', 'creating', 'paper', 'airplanes', 'lecture', 'paper', 'planes', 'soaring', 'new', 'heights']","['master', 'art', 'creat', 'paper', 'airplan', 'lectur', 'paper', 'plane', 'soar', 'new', 'height']",0.17045454545454544,Positive
664,668,Trying to set a new trend by juggling textbooks between classes. Academic juggling: A unique skill! , Excitement ,2023-08-22 12:30:00, JugglingProHighSchool , Facebook , #TextbookJuggling #HighSchoolSkills ,22.0,40.0, Canada,2023,8,22,12,"['trying', 'set', 'new', 'trend', 'juggling', 'textbooks', 'classes', 'academic', 'juggling', 'unique', 'skill']","['tri', 'set', 'new', 'trend', 'juggl', 'textbook', 'class', 'academ', 'juggl', 'uniqu', 'skill']",0.20170454545454544,Positive
665,669,Hiding a snack stash in my backpack for emergency cravings. Snack ninja mode: Activated! , Mischievous ,2023-08-23 16:45:00, SnackNinjaHighSchool , Twitter , #SnackNinja #HighSchoolSnacks ,28.0,55.0, USA,2023,8,23,16,"['hiding', 'snack', 'stash', 'backpack', 'emergency', 'cravings', 'snack', 'ninja', 'mode', 'activated']","['hide', 'snack', 'stash', 'backpack', 'emerg', 'crave', 'snack', 'ninja', 'mode', 'activ']",0.0,Neutral
666,670,Planning a surprise scavenger hunt for friends. Anticipating the thrill and excitement! , Excitement ,2023-08-24 18:20:00, ScavengerHuntMasterHighSchool , Instagram , #SurpriseAdventure #HighSchoolFun ,20.0,38.0, UK,2023,8,24,18,"['planning', 'surprise', 'scavenger', 'hunt', 'friends', 'anticipating', 'thrill', 'excitement']","['plan', 'surpris', 'scaveng', 'hunt', 'friend', 'anticip', 'thrill', 'excit']",0.0,Neutral
667,671,Danced in the rain to celebrate the end of exams. Rain dance: Unexpectedly refreshing! , Joy ,2023-08-25 14:15:00, RainDanceCelebrationHighSchool , Facebook , #RainDance #HighSchoolJoy ,25.0,50.0, Canada,2023,8,25,14,"['danced', 'rain', 'celebrate', 'end', 'exams', 'rain', 'dance', 'unexpectedly', 'refreshing']","['danc', 'rain', 'celebr', 'end', 'exam', 'rain', 'danc', 'unexpectedli', 'refresh']",0.625,Positive
668,672,Accidentally sent a text meant for a friend to the class group chat. Texting fail: Oops moment! , Embarrassed ,2023-08-26 17:30:00, GroupChatBlunderHighSchool , Twitter , #TextingFail #HighSchoolAwkward ,18.0,35.0, USA,2023,8,26,17,"['accidentally', 'sent', 'text', 'meant', 'friend', 'class', 'group', 'chat', 'texting', 'fail', 'oops', 'moment']","['accident', 'sent', 'text', 'meant', 'friend', 'class', 'group', 'chat', 'text', 'fail', 'oop', 'moment']",-0.625,Negative
669,673,Tried a magic trick to impress classmates. Magic fail: Where did that rabbit go? , Embarrassed ,2023-08-27 20:45:00, MagicFailHighSchool , Instagram , #MagicFail #HighSchoolMagic ,22.0,45.0, UK,2023,8,27,20,"['tried', 'magic', 'trick', 'impress', 'classmates', 'magic', 'fail', 'where', 'rabbit', 'go']","['tri', 'magic', 'trick', 'impress', 'classmat', 'magic', 'fail', 'where', 'rabbit', 'go']",0.16666666666666666,Positive
670,674,Perfecting the art of creating origami during a dull lecture. Origami mastery: A+! , Joy ,2023-08-28 16:00:00, OrigamiProHighSchool , Twitter , #OrigamiMaster #HighSchoolArt ,18.0,36.0, USA,2023,8,28,16,"['perfecting', 'art', 'creating', 'origami', 'dull', 'lecture', 'origami', 'mastery']","['perfect', 'art', 'creat', 'origami', 'dull', 'lectur', 'origami', 'masteri']",-0.36458333333333337,Negative
671,675,Attempting to set a new record for the most consecutive hacky sack kicks. Hacky sack skills: Unleashed! , Excitement ,2023-08-29 13:45:00, HackySackChampionHighSchool , Instagram , #HackySackChallenge #HighSchoolAthlete ,26.0,48.0, Canada,2023,8,29,13,"['attempting', 'set', 'new', 'record', 'consecutive', 'hacky', 'sack', 'kicks', 'hacky', 'sack', 'skills', 'unleashed']","['attempt', 'set', 'new', 'record', 'consecut', 'hacki', 'sack', 'kick', 'hacki', 'sack', 'skill', 'unleash']",0.3806818181818182,Positive
672,676,Creating a secret handshake with friends. Friendship level: Expert! , Joy ,2023-08-30 17:30:00, SecretHandshakeHighSchool , Facebook , #FriendshipGoals #HighSchoolMemories ,20.0,40.0, USA,2023,8,30,17,"['creating', 'secret', 'handshake', 'friends', 'friendship', 'level', 'expert']","['creat', 'secret', 'handshak', 'friend', 'friendship', 'level', 'expert']",-0.5,Negative
673,677,Embarking on a mission to find the best burger joint in town. Burger connoisseur: Reporting for duty! , Excitement ,2023-08-31 20:15:00, BurgerQuestHighSchool , Twitter , #BurgerQuest #HighSchoolFoodie ,24.0,42.0, UK,2023,8,31,20,"['embarking', 'mission', 'find', 'best', 'burger', 'joint', 'town', 'burger', 'connoisseur', 'reporting', 'duty']","['embark', 'mission', 'find', 'best', 'burger', 'joint', 'town', 'burger', 'connoisseur', 'report', 'duti']",1.0,Positive
674,678,Practicing a stand-up comedy routine for the upcoming talent show. Comedy gig: In the making! , Joy ,2023-09-01 14:45:00, ComedyGeniusHighSchool , Instagram , #StandUpComedy #HighSchoolTalent ,21.0,39.0, Canada,2023,9,1,14,"['practicing', 'stand', 'comedy', 'routine', 'upcoming', 'talent', 'show', 'comedy', 'gig', 'making']","['practic', 'stand', 'comedi', 'routin', 'upcom', 'talent', 'show', 'comedi', 'gig', 'make']",0.0,Neutral
675,679,Accidentally sent a love letter to the wrong person. Love note fail: Maximum embarrassment! , Embarrassed ,2023-09-02 18:30:00, LoveLetterBlunderHighSchool , Facebook , #LoveLetterFail #HighSchoolAwkward ,17.0,33.0, USA,2023,9,2,18,"['accidentally', 'sent', 'love', 'letter', 'wrong', 'person', 'love', 'note', 'fail', 'maximum', 'embarrassment']","['accident', 'sent', 'love', 'letter', 'wrong', 'person', 'love', 'note', 'fail', 'maximum', 'embarrass']",-0.03125,Neutral
676,680,Attempting to impress the teacher with an elaborate science experiment. Science geek mode: Activated! , Excitement ,2023-09-03 22:00:00, ScienceExperimentProHighSchool , Twitter , #ScienceGeek #HighSchoolExperiments ,23.0,44.0, UK,2023,9,3,22,"['attempting', 'impress', 'teacher', 'elaborate', 'science', 'experiment', 'science', 'geek', 'mode', 'activated']","['attempt', 'impress', 'teacher', 'elabor', 'scienc', 'experi', 'scienc', 'geek', 'mode', 'activ']",0.625,Positive
677,681,Crafting intricate friendship bracelets for the whole squad. Friendship level: Expert weaver! , Joy ,2023-09-04 15:15:00, BraceletCraftsmanHighSchool , Instagram , #FriendshipBracelets #HighSchoolCrafts ,19.0,37.0, USA,2023,9,4,15,"['crafting', 'intricate', 'friendship', 'bracelets', 'whole', 'squad', 'friendship', 'level', 'expert', 'weaver']","['craft', 'intric', 'friendship', 'bracelet', 'whole', 'squad', 'friendship', 'level', 'expert', 'weaver']",0.25,Positive
678,682,Attempting to beat the record for the most consecutive cartwheels. Cartwheel challenge: Underway! , Excitement ,2023-09-05 12:30:00, CartwheelMasterHighSchool , Twitter , #CartwheelChallenge #HighSchoolAthlete ,27.0,52.0, Canada,2023,9,5,12,"['attempting', 'beat', 'record', 'consecutive', 'cartwheels', 'cartwheel', 'challenge', 'underway']","['attempt', 'beat', 'record', 'consecut', 'cartwheel', 'cartwheel', 'challeng', 'underway']",0.625,Positive
679,683,Organizing a movie marathon with friends. Popcorn and cinematic adventures await! , Joy ,2023-09-06 16:45:00, MovieMarathonHostHighSchool , Facebook , #MovieNight #HighSchoolMemories ,22.0,43.0, UK,2023,9,6,16,"['organizing', 'movie', 'marathon', 'friends', 'popcorn', 'cinematic', 'adventures', 'await']","['organ', 'movi', 'marathon', 'friend', 'popcorn', 'cinemat', 'adventur', 'await']",0.0,Neutral
680,684,Experimenting with a new hair color. A bold change for a bold semester! , Excitement ,2023-09-07 18:20:00, HairColorExperimentHighSchool , Instagram , #HairExperiment #HighSchoolStyle ,20.0,39.0, USA,2023,9,7,18,"['experimenting', 'new', 'hair', 'color', 'bold', 'change', 'bold', 'semester']","['experi', 'new', 'hair', 'color', 'bold', 'chang', 'bold', 'semest']",0.2954545454545454,Positive
681,685,Building a time capsule to capture memories for the future. Time-traveling emotions! , Joy ,2023-09-08 14:15:00, TimeCapsuleCreatorHighSchool , Facebook , #TimeCapsule #HighSchoolNostalgia ,26.0,48.0, Canada,2023,9,8,14,"['building', 'time', 'capsule', 'capture', 'memories', 'future', 'time', 'traveling', 'emotions']","['build', 'time', 'capsul', 'captur', 'memori', 'futur', 'time', 'travel', 'emot']",0.0,Neutral
682,686,Accidentally walked into the wrong classroom on the first day. Classroom mix-up: Awkward start! , Embarrassed ,2023-09-09 17:30:00, ClassroomBlunderHighSchool , Twitter , #FirstDayOops #HighSchoolEmbarrassment ,16.0,32.0, USA,2023,9,9,17,"['accidentally', 'walked', 'wrong', 'classroom', 'first', 'day', 'classroom', 'mix', 'awkward', 'start']","['accident', 'walk', 'wrong', 'classroom', 'first', 'day', 'classroom', 'mix', 'awkward', 'start']",-0.3333333333333333,Negative
683,687,Trying out a new smoothie recipe for a healthy start to the week. Smoothie enthusiast: Level up! , Excitement ,2023-09-10 20:45:00, SmoothieConnoisseurHighSchool , Instagram , #HealthyLiving #HighSchoolWellness ,23.0,42.0, UK,2023,9,10,20,"['trying', 'new', 'smoothie', 'recipe', 'healthy', 'start', 'week', 'smoothie', 'enthusiast', 'level']","['tri', 'new', 'smoothi', 'recip', 'healthi', 'start', 'week', 'smoothi', 'enthusiast', 'level']",0.3806818181818182,Positive
684,688,Reflecting on the challenges of the school year. Feeling a bit overwhelmed with assignments. , Sad ,2023-09-11 15:45:00, OverwhelmedHighSchoolStudent , Twitter , #SchoolChallenges #HighSchoolStruggles ,15.0,28.0, USA,2023,9,11,15,"['reflecting', 'challenges', 'school', 'year', 'feeling', 'bit', 'overwhelmed', 'assignments']","['reflect', 'challeng', 'school', 'year', 'feel', 'bit', 'overwhelm', 'assign']",0.0,Neutral
685,689,Encountered some mean-spirited comments online. Dealing with online hate is never easy. , Hate ,2023-09-12 12:30:00, DealingWithHateHighSchool , Instagram , #OnlineHate #HighSchoolReality ,18.0,36.0, Canada,2023,9,12,12,"['encountered', 'mean', 'spirited', 'comments', 'online', 'dealing', 'online', 'hate', 'never', 'easy']","['encount', 'mean', 'spirit', 'comment', 'onlin', 'deal', 'onlin', 'hate', 'never', 'easi']",-0.5083333333333333,Negative
686,690,Had a bad day at school. Everything seems to be going wrong. , Bad ,2023-09-13 16:45:00, ToughDayHighSchool , Facebook , #BadDay #HighSchoolBlues ,20.0,40.0, UK,2023,9,13,16,"['bad', 'day', 'school', 'everything', 'seems', 'going', 'wrong']","['bad', 'day', 'school', 'everyth', 'seem', 'go', 'wrong']",-0.5999999999999999,Negative
687,691,Feeling down after not making the sports team. Disappointment lingers. , Sad ,2023-09-14 18:20:00, SportsTeamRejectionHighSchool , Twitter , #Disappointment #HighSchoolSports ,17.0,34.0, USA,2023,9,14,18,"['feeling', 'making', 'sports', 'team', 'disappointment', 'lingers']","['feel', 'make', 'sport', 'team', 'disappoint', 'linger']",-0.37777777777777777,Negative
688,692,Witnessed a heated argument in the cafeteria. Unpleasant atmosphere at lunch. , Hate ,2023-09-15 14:15:00, CafeteriaConflictHighSchool , Instagram , #CafeteriaDrama #HighSchoolTension ,21.0,41.0, Canada,2023,9,15,14,"['witnessed', 'heated', 'argument', 'cafeteria', 'unpleasant', 'atmosphere', 'lunch']","['wit', 'heat', 'argument', 'cafeteria', 'unpleas', 'atmospher', 'lunch']",-0.6499999999999999,Negative
689,693,Received a not-so-great grade on a major project. Academic frustration setting in. , Bad ,2023-09-16 17:30:00, ProjectGradeDisappointmentHighSchool , Facebook , #AcademicFrustration #HighSchoolStress ,19.0,38.0, UK,2023,9,16,17,"['received', 'great', 'grade', 'major', 'project', 'academic', 'frustration', 'setting']","['receiv', 'great', 'grade', 'major', 'project', 'academ', 'frustrat', 'set']",0.03125,Neutral
690,694,Dealing with a personal setback. Sometimes life throws unexpected challenges. , Sad ,2023-09-17 20:45:00, PersonalSetbackHighSchool , Twitter , #LifeChallenges #HighSchoolStruggles ,22.0,44.0, USA,2023,9,17,20,"['dealing', 'personal', 'setback', 'sometimes', 'life', 'throws', 'unexpected', 'challenges']","['deal', 'person', 'setback', 'sometim', 'life', 'throw', 'unexpect', 'challeng']",0.05,Neutral
691,695,Feeling lonely on a Saturday night. Sometimes solitude hits harder than expected. , Sad ,2023-09-18 22:00:00, LonelySaturdayHighSchool , Instagram , #LonelyNights #HighSchoolEmotions ,16.0,31.0, Canada,2023,9,18,22,"['feeling', 'lonely', 'saturday', 'night', 'sometimes', 'solitude', 'hits', 'harder', 'expected']","['feel', 'lone', 'saturday', 'night', 'sometim', 'solitud', 'hit', 'harder', 'expect']",-0.09999999999999999,Neutral
692,696,Experiencing cyberbullying. Hateful messages online are disheartening. , Hate ,2023-09-19 15:15:00, CyberbullyingVictimHighSchool , Facebook , #StopCyberbullying #HighSchoolReality ,14.0,27.0, UK,2023,9,19,15,"['experiencing', 'cyberbullying', 'hateful', 'messages', 'online', 'disheartening']","['experienc', 'cyberbulli', 'hate', 'messag', 'onlin', 'dishearten']",0.0,Neutral
693,697,Caught in a torrential rainstorm without an umbrella. Today's weather is just bad luck. , Bad ,2023-09-20 12:30:00, RainyDayBluesHighSchool , Twitter , #BadLuck #HighSchoolWeather ,18.0,35.0, USA,2023,9,20,12,"['caught', 'torrential', 'rainstorm', 'without', 'umbrella', 'today', 'weather', 'bad', 'luck']","['caught', 'torrenti', 'rainstorm', 'without', 'umbrella', 'today', 'weather', 'bad', 'luck']",-0.6999999999999998,Negative
694,698,Missing an important event due to unforeseen circumstances. A day filled with sadness. , Sad ,2023-09-21 16:45:00, MissedOpportunityHighSchool , Instagram , #MissedChances #HighSchoolRegret ,20.0,39.0, Canada,2023,9,21,16,"['missing', 'important', 'event', 'due', 'unforeseen', 'circumstances', 'day', 'filled', 'sadness']","['miss', 'import', 'event', 'due', 'unforeseen', 'circumst', 'day', 'fill', 'sad']",0.11875000000000001,Positive
695,699,Dealing with unfounded rumors circulating about personal life. Rumors can be hurtful. , Hate ,2023-09-22 18:20:00, RumorVictimHighSchool , Facebook , #RumorMills #HighSchoolDrama ,23.0,46.0, UK,2023,9,22,18,"['dealing', 'unfounded', 'rumors', 'circulating', 'personal', 'life', 'rumors', 'hurtful']","['deal', 'unfound', 'rumor', 'circul', 'person', 'life', 'rumor', 'hurt']",0.0,Neutral
696,700,Got a flat tire on the way to an important meeting. Talk about a series of bad events! , Bad ,2023-09-23 14:15:00, FlatTireWoesHighSchool , Twitter , #BadLuckDay #HighSchoolStruggles ,25.0,50.0, USA,2023,9,23,14,"['got', 'flat', 'tire', 'way', 'important', 'meeting', 'talk', 'series', 'bad', 'events']","['got', 'flat', 'tire', 'way', 'import', 'meet', 'talk', 'seri', 'bad', 'event']",-0.1666666666666666,Negative
697,701,Feeling a sense of emptiness after a close friend moves away. Farewells are always sad. , Sad ,2023-09-24 17:30:00, FriendMovingAwayHighSchool , Instagram , #SayingGoodbye #HighSchoolEmotions ,21.0,42.0, Canada,2023,9,24,17,"['feeling', 'sense', 'emptiness', 'close', 'friend', 'moves', 'away', 'farewells', 'always', 'sad']","['feel', 'sens', 'empti', 'close', 'friend', 'move', 'away', 'farewel', 'alway', 'sad']",-0.5,Negative
698,702,Facing rejection from a dream college. Disheartened but determined to explore other paths. , Sad ,2023-09-25 20:45:00, CollegeRejectionHighSchool , Facebook , #CollegeDreams #HighSchoolJourney ,19.0,37.0, UK,2023,9,25,20,"['facing', 'rejection', 'dream', 'college', 'disheartened', 'determined', 'explore', 'paths']","['face', 'reject', 'dream', 'colleg', 'dishearten', 'determin', 'explor', 'path']",-0.125,Negative
699,703,Encountering online toxicity during a gaming session. Hateful comments can ruin the fun. , Hate ,2023-09-26 14:15:00, GamingToxicityHighSchool , Twitter , #OnlineGaming #HighSchoolGamer ,16.0,32.0, USA,2023,9,26,14,"['encountering', 'online', 'toxicity', 'gaming', 'session', 'hateful', 'comments', 'ruin', 'fun']","['encount', 'onlin', 'toxic', 'game', 'session', 'hate', 'comment', 'ruin', 'fun']",0.3,Positive
700,704,Having a bad hair day and feeling self-conscious. Bad hair days can affect confidence. , Bad ,2023-09-27 17:30:00, BadHairDayBluesHighSchool , Instagram , #BadHairDay #HighSchoolConfidence ,18.0,36.0, Canada,2023,9,27,17,"['having', 'bad', 'hair', 'day', 'feeling', 'self', 'conscious', 'bad', 'hair', 'days', 'affect', 'confidence']","['have', 'bad', 'hair', 'day', 'feel', 'self', 'consciou', 'bad', 'hair', 'day', 'affect', 'confid']",-0.6999999999999998,Negative
701,705,Feeling a sense of despair after a major project failure. Hard work didn't pay off this time. , Sad ,2023-09-28 22:00:00, ProjectFailureDespairHighSchool , Facebook , #ProjectStruggles #HighSchoolHardships ,21.0,41.0, UK,2023,9,28,22,"['feeling', 'sense', 'despair', 'major', 'project', 'failure', 'hard', 'work', 'didn', 'pay', 'time']","['feel', 'sens', 'despair', 'major', 'project', 'failur', 'hard', 'work', 'didn', 'pay', 'time']",-0.18194444444444446,Negative
702,706,Experiencing hate comments for expressing personal opinions. Online negativity prevails. , Hate ,2023-09-29 15:45:00, OpinionsHateHighSchool , Twitter , #OnlineOpinions #HighSchoolCriticism ,24.0,48.0, USA,2023,9,29,15,"['experiencing', 'hate', 'comments', 'expressing', 'personal', 'opinions', 'online', 'negativity', 'prevails']","['experienc', 'hate', 'comment', 'express', 'person', 'opinion', 'onlin', 'neg', 'prevail']",-0.4,Negative
703,707,Having a string of bad luck with constant technology malfunctions. Tech troubles galore! , Bad ,2023-09-30 18:20:00, TechMalfunctionWoesHighSchool , Instagram , #TechIssues #HighSchoolTech ,22.0,43.0, Canada,2023,9,30,18,"['having', 'string', 'bad', 'luck', 'constant', 'technology', 'malfunctions', 'tech', 'troubles', 'galore']","['have', 'string', 'bad', 'luck', 'constant', 'technolog', 'malfunct', 'tech', 'troubl', 'galor']",-0.3499999999999999,Negative
704,708,Missing out on a long-anticipated event due to unexpected circumstances. A day filled with sadness. , Sad ,2023-10-01 14:15:00, MissedEventBluesHighSchool , Facebook , #MissedMoments #HighSchoolRegret ,20.0,39.0, UK,2023,10,1,14,"['missing', 'long', 'anticipated', 'event', 'due', 'unexpected', 'circumstances', 'day', 'filled', 'sadness']","['miss', 'long', 'anticip', 'event', 'due', 'unexpect', 'circumst', 'day', 'fill', 'sad']",0.043750000000000004,Neutral
705,709,Trying out a new study technique for upcoming exams. Exploring different learning strategies. , Neutral ,2023-10-02 16:45:00, StudyTechniqueExperimentHighSchool , Instagram , #StudyStrategies #HighSchoolExams ,23.0,42.0, USA,2023,10,2,16,"['trying', 'new', 'study', 'technique', 'upcoming', 'exams', 'exploring', 'different', 'learning', 'strategies']","['tri', 'new', 'studi', 'techniqu', 'upcom', 'exam', 'explor', 'differ', 'learn', 'strategi']",0.06818181818181818,Neutral
706,710,Organizing a community cleanup event for a cleaner neighborhood. Promoting environmental awareness. , Neutral ,2023-10-03 12:30:00, CommunityCleanupHighSchool , Twitter , #EnvironmentalEfforts #HighSchoolCommunity ,26.0,50.0, Canada,2023,10,3,12,"['organizing', 'community', 'cleanup', 'event', 'cleaner', 'neighborhood', 'promoting', 'environmental', 'awareness']","['organ', 'commun', 'cleanup', 'event', 'cleaner', 'neighborhood', 'promot', 'environment', 'awar']",0.0,Neutral
707,711,Sharing favorite book recommendations with classmates. Building a mini book club. , Neutral ,2023-10-04 18:20:00, BookRecommendationsHighSchool , Facebook , #BookClub #HighSchoolReads ,19.0,38.0, UK,2023,10,4,18,"['sharing', 'favorite', 'book', 'recommendations', 'classmates', 'building', 'mini', 'book', 'club']","['share', 'favorit', 'book', 'recommend', 'classmat', 'build', 'mini', 'book', 'club']",0.5,Positive
708,712,Experimenting with a new recipe for a school bake sale. Baking adventures in the kitchen. , Neutral ,2023-10-05 14:15:00, BakeSaleRecipeExperimentHighSchool , Instagram , #BakingAdventures #HighSchoolBakes ,21.0,43.0, USA,2023,10,5,14,"['experimenting', 'new', 'recipe', 'school', 'bake', 'sale', 'baking', 'adventures', 'kitchen']","['experi', 'new', 'recip', 'school', 'bake', 'sale', 'bake', 'adventur', 'kitchen']",0.13636363636363635,Positive
709,713,Collaborating on a school project with peers. Teamwork makes the dream work. , Neutral ,2023-10-06 17:30:00, SchoolProjectCollaborationHighSchool , Twitter , #Teamwork #HighSchoolProjects ,18.0,36.0, Canada,2023,10,6,17,"['collaborating', 'school', 'project', 'peers', 'teamwork', 'makes', 'dream', 'work']","['collabor', 'school', 'project', 'peer', 'teamwork', 'make', 'dream', 'work']",0.0,Neutral
710,714,Attending a school club meeting to explore new interests. Dabbling in extracurricular activities. , Neutral ,2023-10-07 20:45:00, ExtracurricularExplorationHighSchool , Instagram , #SchoolClubs #HighSchoolInterests ,22.0,45.0, UK,2023,10,7,20,"['attending', 'school', 'club', 'meeting', 'explore', 'new', 'interests', 'dabbling', 'extracurricular', 'activities']","['attend', 'school', 'club', 'meet', 'explor', 'new', 'interest', 'dabbl', 'extracurricular', 'activ']",0.13636363636363635,Positive
711,715,Exploring a new part-time job opportunity for gaining work experience. Career development in progress. , Neutral ,2023-10-08 15:15:00, PartTimeJobExplorationHighSchool , Facebook , #CareerDevelopment #HighSchoolJobs ,24.0,48.0, USA,2023,10,8,15,"['exploring', 'new', 'part', 'time', 'job', 'opportunity', 'gaining', 'work', 'experience', 'career', 'development', 'progress']","['explor', 'new', 'part', 'time', 'job', 'opportun', 'gain', 'work', 'experi', 'career', 'develop', 'progress']",0.13636363636363635,Positive
712,716,Attending a school assembly to stay informed about upcoming events and announcements. Staying connected with school activities. , Neutral ,2023-10-09 22:00:00, SchoolAssemblyParticipationHighSchool , Twitter , #SchoolEvents #HighSchoolConnectivity ,20.0,40.0, Canada,2023,10,9,22,"['attending', 'school', 'assembly', 'stay', 'informed', 'upcoming', 'events', 'announcements', 'staying', 'connected', 'school', 'activities']","['attend', 'school', 'assembl', 'stay', 'inform', 'upcom', 'event', 'announc', 'stay', 'connect', 'school', 'activ']",0.0,Neutral
713,717,Exploring a new hobby of photography during free time. Capturing moments through a lens. , Neutral ,2023-10-10 14:15:00, PhotographyHobbyHighSchool , Instagram , #PhotographyJourney #HighSchoolHobbies ,25.0,49.0, UK,2023,10,10,14,"['exploring', 'new', 'hobby', 'photography', 'free', 'time', 'capturing', 'moments', 'lens']","['explor', 'new', 'hobbi', 'photographi', 'free', 'time', 'captur', 'moment', 'len']",0.2681818181818182,Positive
714,718,Participating in a science fair to showcase a unique experiment. Sharing knowledge with peers. , Neutral ,2023-10-11 16:45:00, ScienceFairParticipationHighSchool , Facebook , #ScienceFair #HighSchoolScience ,19.0,37.0, USA,2023,10,11,16,"['participating', 'science', 'fair', 'showcase', 'unique', 'experiment', 'sharing', 'knowledge', 'peers']","['particip', 'scienc', 'fair', 'showcas', 'uniqu', 'experi', 'share', 'knowledg', 'peer']",0.5375,Positive
715,719,Attending a workshop on time management to enhance organizational skills. Striving for efficiency. , Neutral ,2023-10-12 18:20:00, TimeManagementWorkshopHighSchool , Twitter , #EfficiencyGoals #HighSchoolSkills ,23.0,44.0, Canada,2023,10,12,18,"['attending', 'workshop', 'time', 'management', 'enhance', 'organizational', 'skills', 'striving', 'efficiency']","['attend', 'workshop', 'time', 'manag', 'enhanc', 'organiz', 'skill', 'strive', 'effici']",0.0,Neutral
716,720,Volunteering at a local charity event to give back to the community. Contributing to social causes. , Neutral ,2023-10-13 12:30:00, CharityEventVolunteerHighSchool , Instagram , #CommunityService #HighSchoolVolunteer ,20.0,39.0, UK,2023,10,13,12,"['volunteering', 'local', 'charity', 'event', 'give', 'back', 'community', 'contributing', 'social', 'causes']","['volunt', 'local', 'chariti', 'event', 'give', 'back', 'commun', 'contribut', 'social', 'caus']",0.011111111111111112,Neutral
717,721,Collaborating on a group project to promote teamwork and shared responsibilities. Group effort in action. , Neutral ,2023-10-14 17:30:00, GroupProjectCollaborationHighSchool , Facebook , #TeamSpirit #HighSchoolProjects ,18.0,35.0, USA,2023,10,14,17,"['collaborating', 'group', 'project', 'promote', 'teamwork', 'shared', 'responsibilities', 'group', 'effort', 'action']","['collabor', 'group', 'project', 'promot', 'teamwork', 'share', 'respons', 'group', 'effort', 'action']",0.1,Neutral
718,722,Participating in a debate club to enhance critical thinking and communication skills. Intellectual engagement in progress. , Neutral ,2023-10-15 20:45:00, DebateClubParticipationHighSchool , Twitter , #DebateSkills #HighSchoolIntellect ,22.0,43.0, Canada,2023,10,15,20,"['participating', 'debate', 'club', 'enhance', 'critical', 'thinking', 'communication', 'skills', 'intellectual', 'engagement', 'progress']","['particip', 'debat', 'club', 'enhanc', 'critic', 'think', 'commun', 'skill', 'intellectu', 'engag', 'progress']",0.15,Positive
719,723,Celebrating a friend's birthday with a surprise party. Joyful moments and laughter all around! , Happy ,2023-10-16 15:45:00, BirthdaySurpriseHighSchool , Instagram , #SurpriseParty #HighSchoolCelebration ,27.0,52.0, UK,2023,10,16,15,"['celebrating', 'friend', 'birthday', 'surprise', 'party', 'joyful', 'moments', 'laughter', 'around']","['celebr', 'friend', 'birthday', 'surpris', 'parti', 'joy', 'moment', 'laughter', 'around']",0.0,Neutral
720,724,Successfully completing a challenging coding project. Excitement for overcoming coding hurdles! , Happy ,2023-10-17 12:30:00, CodingSuccessHighSchool , Twitter , #CodingTriumph #HighSchoolTech ,24.0,48.0, USA,2023,10,17,12,"['successfully', 'completing', 'challenging', 'coding', 'project', 'excitement', 'overcoming', 'coding', 'hurdles']","['success', 'complet', 'challeng', 'code', 'project', 'excit', 'overcom', 'code', 'hurdl']",0.6875,Positive
721,725,Attending a school talent show to support classmates. Applauding the diverse talents on display! , Happy ,2023-10-18 16:45:00, TalentShowSupportHighSchool , Facebook , #TalentShow #HighSchoolEntertainment ,19.0,38.0, Canada,2023,10,18,16,"['attending', 'school', 'talent', 'show', 'support', 'classmates', 'applauding', 'diverse', 'talents', 'display']","['attend', 'school', 'talent', 'show', 'support', 'classmat', 'applaud', 'divers', 'talent', 'display']",0.0,Neutral
722,726,"Exploring a new hiking trail with friends over the weekend. Nature, laughter, and good vibes! ", Happy ,2023-10-19 18:20:00, WeekendHikeHighSchool , Instagram , #NatureAdventures #HighSchoolFriends ,21.0,42.0, UK,2023,10,19,18,"['exploring', 'new', 'hiking', 'trail', 'friends', 'weekend', 'nature', 'laughter', 'good', 'vibes']","['explor', 'new', 'hike', 'trail', 'friend', 'weekend', 'natur', 'laughter', 'good', 'vibe']",0.5056818181818181,Positive
723,727,Winning a friendly sports competition against rival schools. Victory celebrations in full swing! , Happy ,2023-10-20 14:15:00, SportsVictoryHighSchool , Twitter , #SportsTriumph #HighSchoolAthletics ,26.0,50.0, USA,2023,10,20,14,"['winning', 'friendly', 'sports', 'competition', 'rival', 'schools', 'victory', 'celebrations', 'full', 'swing']","['win', 'friendli', 'sport', 'competit', 'rival', 'school', 'victori', 'celebr', 'full', 'swing']",0.4375,Positive
724,728,Receiving a heartfelt letter from a pen pal in another country. Connecting across the globe! , Happy ,2023-10-21 17:30:00, PenPalConnectionHighSchool , Facebook , #GlobalFriendship #HighSchoolCorrespondence ,23.0,45.0, Canada,2023,10,21,17,"['receiving', 'heartfelt', 'letter', 'pen', 'pal', 'another', 'country', 'connecting', 'across', 'globe']","['receiv', 'heartfelt', 'letter', 'pen', 'pal', 'anoth', 'countri', 'connect', 'across', 'globe']",0.0,Neutral
725,729,Creating a beautiful mural with fellow art enthusiasts. The power of collaboration and creativity! , Happy ,2023-10-22 20:45:00, MuralCreationHighSchool , Instagram , #ArtCollaboration #HighSchoolCreativity ,22.0,43.0, UK,2023,10,22,20,"['creating', 'beautiful', 'mural', 'fellow', 'art', 'enthusiasts', 'power', 'collaboration', 'creativity']","['creat', 'beauti', 'mural', 'fellow', 'art', 'enthusiast', 'power', 'collabor', 'creativ']",1.0,Positive
726,730,Participating in a school-wide art exhibition. Witnessing creativity and spreading positive vibes! , Happy ,2015-11-10 16:45:00, ArtExhibitionJoyHighSchool , Instagram , #ArtisticExpression #HighSchoolCreativity ,23.0,44.0, USA,2015,11,10,16,"['participating', 'school', 'wide', 'art', 'exhibition', 'witnessing', 'creativity', 'spreading', 'positive', 'vibes']","['particip', 'school', 'wide', 'art', 'exhibit', 'wit', 'creativ', 'spread', 'posit', 'vibe']",0.28409090909090906,Positive
727,731,Achieving a personal best in a track and field competition. The thrill of victory and self-improvement! , Happy ,2016-09-14 12:30:00, TrackFieldSuccessHighSchool , Twitter , #AthleticAchievement #HighSchoolSports ,26.0,51.0, Canada,2016,9,14,12,"['achieving', 'personal', 'best', 'track', 'field', 'competition', 'thrill', 'victory', 'self', 'improvement']","['achiev', 'person', 'best', 'track', 'field', 'competit', 'thrill', 'victori', 'self', 'improv']",0.5,Positive
728,732,Collaborating on a science project that received recognition at a regional fair. Science triumphs and smiles! , Happy ,2017-08-18 18:20:00, ScienceProjectSuccessHighSchool , Facebook , #ScienceFairWinner #HighSchoolScience ,20.0,39.0, UK,2017,8,18,18,"['collaborating', 'science', 'project', 'received', 'recognition', 'regional', 'fair', 'science', 'triumphs', 'smiles']","['collabor', 'scienc', 'project', 'receiv', 'recognit', 'region', 'fair', 'scienc', 'triumph', 'smile']",0.875,Positive
729,733,"Attending a surprise birthday party organized by friends. Surrounded by love, laughter, and good company! ", Happy ,2018-06-22 14:15:00, BirthdayPartyJoyHighSchool , Instagram , #SurpriseCelebration #HighSchoolFriendship ,25.0,48.0, USA,2018,6,22,14,"['attending', 'surprise', 'birthday', 'party', 'organized', 'friends', 'surrounded', 'love', 'laughter', 'good', 'company']","['attend', 'surpris', 'birthday', 'parti', 'organ', 'friend', 'surround', 'love', 'laughter', 'good', 'compani']",0.6875,Positive
730,734,Successfully fundraising for a school charity initiative. The joy of giving back to the community! , Happy ,2019-04-05 17:30:00, CharityFundraisingTriumphHighSchool , Twitter , #CommunityGiving #HighSchoolPhilanthropy ,22.0,42.0, Canada,2019,4,5,17,"['successfully', 'fundraising', 'school', 'charity', 'initiative', 'joy', 'giving', 'back', 'community']","['success', 'fundrais', 'school', 'chariti', 'initi', 'joy', 'give', 'back', 'commun']",0.5166666666666667,Positive
731,735,"Participating in a multicultural festival, celebrating diversity with music, dance, and delicious food! ", Happy ,2020-02-29 20:45:00, MulticulturalFestivalJoyHighSchool , Facebook , #CulturalCelebration #HighSchoolUnity ,21.0,43.0, UK,2020,2,29,20,"['participating', 'multicultural', 'festival', 'celebrating', 'diversity', 'music', 'dance', 'delicious', 'food']","['particip', 'multicultur', 'festiv', 'celebr', 'divers', 'music', 'danc', 'delici', 'food']",1.0,Positive
732,736,"Organizing a virtual talent show during challenging times, bringing smiles to classmates' faces! ", Happy ,2020-11-15 15:15:00, VirtualTalentShowSuccessHighSchool , Instagram , #VirtualEntertainment #HighSchoolPositivity ,24.0,47.0, USA,2020,11,15,15,"['organizing', 'virtual', 'talent', 'show', 'challenging', 'times', 'bringing', 'smiles', 'classmates', 'faces']","['organ', 'virtual', 'talent', 'show', 'challeng', 'time', 'bring', 'smile', 'classmat', 'face']",0.625,Positive
